query_1,True,5.12396147981046e-05,180,949,30,0.0316122233930453,0.166666666666667,GO:0006941,GO:BP,striated muscle contraction,17916,2912,GO:0006936,"NAS,ISS,ISS,IEA,IMP ISS IC IEA,ISS,IC IEA,IEA,NAS,IBA,IMP,IMP IGI ISS,ISS TAS IC,IEA,ISS IBA IEA,IMP,IMP,IMP,IMP IEA,IMP,IMP ISS TAS,IEA,IMP,IEA,IBA,TAS,ISS IEA,IMP ISS,IMP,IMP IBA","ARHGEF11,NOS1AP,RCSD1,ADORA1,RYR2,PDE4B,KCNJ3,HDAC4,FGF12,STAC,CACNA1D,ANK2,CAMK2D,ADRA1B,PDE4D,CACNA2D1,CACNB2,CTNNA3,KCNJ5,KCNQ1,CACNA1C,ATP8A2,MYL4,MAP2K6,MYOM1,DTNA,SMAD7,TRPM4,MYH14,KCNE1"
query_1,True,0.000259938625797529,996,949,92,0.0969441517386723,0.0923694779116466,GO:0014070,GO:BP,response to organic cyclic compound,17916,5228,GO:0010033,"IEA,IEA,IEA,IEA,IDA,IEA,IEP IEA,IDA ISS TAS IEA,IEA,IEA,ISS,IDA,IEA,IEA,IEA,IEA,IEA,IEA,ISS,IEA,IEA,IEA,IEA,IEA,IEA,IDA IEA,IEP,IEA,IEA,IDA IMP IEA,IEA,IDA IBA,ISS,IDA ISS IEA,IDA ISS TAS NAS IEA,ISS,TAS,IBA IEA,IEA,IEA,IEA,IDA IEP,IDA IEA,ISS IEA,IEA,IDA IEP,IEA,IEA,IEA,IEA,IDA,IEA,IDA,IEA,ISS IEA,IEA,IDA IMP TAS,IEA,IDA,IEA,IDA IEA,IMP IEA,IEA,IMP IBA,IEA,IDA,IEA,IEA,IDA,ISS,IEA,IDA IMP IEA,IEA,IEA,IEA,ISS IEA,IEA,IMP,IBA,IMP,IDA,IEA,IEA,ISS IBA IEA,IDA NAS,NAS,IMP,IEA,IDA,TAS,ISS,IEA","MTHFR,RGS4,RXRG,NR5A2,ATP2B4,ESRRG,ALPL,RYR2,CHRM3,SMYD3,PDE4B,PARK7,IGFBP2,ACSL3,DNMT3A,ALK,PRKCE,CNGA3,GRAMD1C,ATG7,PPARG,GHSR,TP63,THRB,RARB,TGFBR2,SLIT2,EFNA5,SLC6A3,NR3C1,PDE4D,ZNF366,ADCY2,CRHBP,ESR1,DTNBP1,PARK2,PAQR8,BMP6,FOXP2,TRIM24,AQP1,GHRHR,RAMP3,MSR1,SFRP1,ABCA1,ALAD,PAPPA,NR5A1,RAPGEF1,MGMT,ZMIZ1,PTEN,GRAMD1B,ETS1,KCNQ1,FIBIN,TRIM68,NOX4,NR1H4,NCOR2,METTL21C,RNF6,ABCC4,AKAP6,FOS,ESRRB,GABRB3,RYR3,ALDH1A2,RORA,ACSBG1,NTRK3,WFDC1,INPP5K,HNF1B,OSBPL7,GNAL,COLEC12,PMAIP1,BCL2,TRPM4,SRC,CYP24A1,PMEPA1,GABPA,APP,KCNE1,RUNX1,PDGFB,PPARA"
query_1,True,0.0018514582716725,280,949,36,0.0379346680716544,0.128571428571429,GO:0030522,GO:BP,intracellular receptor signaling pathway,17916,7952,GO:0007165,"IBA IEA,IEA,IEA,IDA,TAS,IMP IEA,IEA,IBA IEA,IBA IEA,IEA,IDA IBA,IDA ISS TAS NAS IEA,IEA,IEA,IEA,IDA,IEA,IMP IEA,IDA,IDA,IDA ISS IEA,IMP,IMP IBA,IEA,IEA,IDA IEA,TAS,ISS IEA,IEA,ISS IBA IEA,IDA,NAS,NAS,TAS,ISS,IEA","RXRG,NR5A2,ESRRG,PARK7,IRAK2,PPARG,TP63,THRB,RARB,NR3C1,ZNF366,ESR1,TRIM24,TWIST1,GHRHR,SFRP1,NR5A1,CTBP2,ZMIZ1,TRIM68,NR1H4,NCOR2,RNF6,ESRRB,ALDH1A2,RORA,MAP2K6,ALOXE3,ZNF536,SRC,PTGIS,CYP24A1,PMEPA1,RUNX1,TBX1,PPARA"
query_1,True,0.0019880644589137103,329,949,40,0.0421496311907271,0.121580547112462,GO:0018209,GO:BP,peptidyl-serine modification,17916,6141,GO:0018193,"IDA,NAS,IEA,IMP,IDA,IDA IBA,IDA,IBA,IDA,IDA,ISS IBA IEA,IEA,IBA,ISS IEA,IEA,ISS IEA,IBA,IBA,ISS IEA,IEA,ISS IBA IEA,IGI,IEA,IEA,IMP,IBA,IDA,IMP ISS,IBA,IDA,IDA,IBA,IDA IBA IEA,ISS IEA,IDA IEA,IEA,IEA,IDA IBA,IMP,IDA","ATP2B4,MARK1,SMYD3,PARK7,GALNT13,PRKCE,NRXN1,VRK2,TGFBR2,CAMK2D,NDNF,SPOCK3,STK32B,CAMK2A,EGFLAM,PDE4D,MAST4,SGK1,CNKSR3,RPS6KA2,HIPK2,RAMP3,NTRK2,INPP5F,PTEN,DYRK4,NTF3,WNK1,PRKCH,GALNT16,NTRK3,PRKCB,INPP5K,NLK,SMAD7,BCL2,SRC,CSNK2A1,APP,PDGFB"
query_1,True,0.00213518597272622,56,949,14,0.0147523709167545,0.25,GO:0086002,GO:BP,cardiac muscle cell action potential involved in contraction,17916,21302,"c(""GO:0086001"", ""GO:0086003"")","ISS,IMP ISS IEA,IC IEA,NAS,IMP,IMP,IMP,IMP,IMP,IMP IEA,IMP,IMP,IMP ISS,IMP IBA","NOS1AP,RYR2,KCNJ3,FGF12,CACNA1D,ANK2,CACNA2D1,CACNB2,CTNNA3,KCNJ5,KCNQ1,CACNA1C,TRPM4,KCNE1"
query_1,True,0.0025610303951864,192,949,28,0.029504741833509,0.145833333333333,GO:0048639,GO:BP,positive regulation of developmental growth,17916,15157,"c(""GO:0045927"", ""GO:0048589"", ""GO:0048638"", ""GO:0051094"")","IEA,IDA,ISS,ISS IEA,IDA,IMP,IEA,IDA,IEA,IEA,IEA,IEA,IDA,IMP IEA,ISS IEA,IEA,ISS,IDA,IEA,ISS,IEA,IEA,ISS IEA,IEA,IEA,IEA,ISS IEA,IDA IEA","CSF1,MACF1,TGFBR3,ERBB4,ITSN2,GHSR,TGFBR2,GOLGA4,EFNA5,SLC6A3,SH3PXD2B,PARK2,CPNE5,GHRHR,ZFPM2,CHD7,FGFR2,SYT1,ATP8A2,AKAP6,CYFIP1,NTRK3,RNF157,SMAD7,BCL2,CDH4,PLCB1,DSCAM"
query_1,True,0.00298527835324373,74,949,16,0.0168598524762908,0.216216216216216,GO:0086001,GO:BP,cardiac muscle cell action potential,17916,21301,GO:0001508,"ISS TAS,IMP ISS IEA,IC IEA,NAS,IMP IC IEA,IMP ISS TAS,ISS IC,IMP,IMP,ISS,IMP,IMP IEA,IMP TAS,IMP,IMP ISS,IDA IMP IBA","NOS1AP,RYR2,KCNJ3,FGF12,CACNA1D,ANK2,CAMK2D,CACNA2D1,CACNB2,ANK3,CTNNA3,KCNJ5,KCNQ1,CACNA1C,TRPM4,KCNE1"
query_1,True,0.00371894084142492,142,949,23,0.0242360379346681,0.161971830985915,GO:0060048,GO:BP,cardiac muscle contraction,17916,17124,"c(""GO:0006941"", ""GO:0060047"")","ISS,IEA,IMP ISS IC IEA,ISS,IC IEA,IEA,NAS,IMP,IMP IGI ISS,ISS TAS IC,IEA,ISS IBA IEA,IMP,IMP,IMP,IMP IEA,IMP,IMP ISS TAS,IMP,IEA,ISS IEA,IMP ISS,IMP IBA","NOS1AP,ADORA1,RYR2,PDE4B,KCNJ3,HDAC4,FGF12,CACNA1D,ANK2,CAMK2D,ADRA1B,PDE4D,CACNA2D1,CACNB2,CTNNA3,KCNJ5,KCNQ1,CACNA1C,MYL4,MAP2K6,SMAD7,TRPM4,KCNE1"
query_1,True,0.00631848979390514,31,949,10,0.0105374077976818,0.32258064516129,GO:0086019,GO:BP,cell-cell signaling involved in cardiac conduction,17916,21316,"c(""GO:0007267"", ""GO:0086065"")","IMP ISS IEA,IC,IMP IEA,IMP ISS TAS,IMP,IMP,IMP,IMP,IMP,IMP ISS","RYR2,KCNJ3,CACNA1D,ANK2,CACNA2D1,CACNB2,KCNJ5,KCNQ1,CACNA1C,TRPM4"
query_1,True,0.007347482131472471,696,949,66,0.0695468914646997,0.0948275862068965,GO:0040008,GO:BP,regulation of growth,17916,11539,"c(""GO:0040007"", ""GO:0050789"")","IEA,NAS,IEA,IEA,IEA,IMP,IDA,ISS,ISS IEA,ISS IEA,IEA,IDA,IEA,IMP IEA,IEA,IDA,NAS,IMP,IMP IBA,IEA,IEA,IEA,IEA,TAS,IEA,IDA,NAS,IEA,IMP IEA,ISS IEA,IDA IEA,IEA,ISS,IMP,ISS,IMP,ISS,NAS,NAS,ISS IEA,IEA,IEA,IDA,IDA,IEA,ISS IEA,ISS,IEA,IBA,IEA,IEA,IEA,IBA NAS IEA,IEA,ISS IEA,ISS IEA,IDA,IEA,IDA IEA,IDA,IEA,ISS IEA,ISS IEA,IDA IEA,ISS IEA,IEA","CSF1,ARHGEF11,RGS4,LMX1A,CDC73,GNG4,MACF1,TGFBR3,MAP2,ERBB4,IGFBP2,ITSN2,PPARG,GHSR,TGFBR2,GOLGA4,CAMK2D,WWC2,SLIT2,EFNA5,FSTL4,SLC6A3,SH3PXD2B,SGK1,PARK2,CPNE5,NRCAM,PLXNA4,GHRHR,ZFPM2,SFRP1,CHD7,MUSK,EXOSC2,OLFM1,SMARCA2,FGFR2,NET1,NRG3,PTEN,TLL2,KDM2B,ACVR1B,SYT1,ATP8A2,RNF6,AKAP6,CYFIP1,SEMA6D,NTRK3,RGMA,FTO,WFDC1,HNF1B,NOG,RNF157,TMC8,SMAD7,BCL2,CSNK2A1,CDH4,PLCB1,APP,DSCAM,RTN4R,PPARA"
query_1,True,0.00907919672546533,182,949,26,0.0273972602739726,0.14285714285714302,GO:0043401,GO:BP,steroid hormone mediated signaling pathway,17916,12415,"c(""GO:0009755"", ""GO:0071383"")","IEA,IEA,IEA,IDA,IEA,IEA,IEA,IEA,IEA,IDA IBA,IDA ISS TAS NAS IEA,IEA,IEA,IDA,IEA,IDA,IDA,IEA,IMP,IMP IBA,IEA,IEA,ISS IBA IEA,NAS,TAS,IEA","RXRG,NR5A2,ESRRG,PARK7,PPARG,TP63,THRB,RARB,NR3C1,ZNF366,ESR1,PAQR8,GHRHR,SFRP1,NR5A1,ZMIZ1,TRIM68,NR1H4,NCOR2,RNF6,ESRRB,RORA,SRC,PMEPA1,RUNX1,PPARA"
query_1,True,0.0096462231497841,129,949,21,0.0221285563751317,0.162790697674419,GO:0048706,GO:BP,embryonic skeletal system development,17916,15223,"c(""GO:0001501"", ""GO:0043009"")","IEA,IEA,ISS IEA,ISS IEA,IEA,IMP IEA,IEA,ISS IEA,IEA,IEA,IMP ISS IEA,IMP,ISS IEA,IEA,IDA,IEA,ISS,ISS,IMP,ISS IEA,IMP ISS","PBX1,PAX7,TGFBR2,MTHFD1L,RUNX2,TWIST1,GLI3,SULF1,EYA1,DMRT2,PCSK5,FGFR2,KIAA1217,ZEB1,DSCAML1,CHST11,MTHFD1,XYLT1,NOG,SULF2,TBX1"
query_1,True,0.00985533406439287,389,949,43,0.0453108535300316,0.110539845758355,GO:0048545,GO:BP,response to steroid hormone,17916,15082,"c(""GO:0009725"", ""GO:0014070"", ""GO:0033993"")","IEA,IEA,IEA,IEA,IEA,IDA,IEA,IEA,IEA,IEA,IEA,IEA,IEA,IEA,IEP,IDA IMP IEA,IDA IBA,IDA ISS TAS NAS IEA,IBA IEA,IEA,IDA,IDA IEA,IDA,IEA,IEA,IEA,IDA,IEA,IDA,IEA,IMP,IEA,IMP IBA,IEA,IEA,IEA,IEA,IEA,IEA,ISS IBA IEA,NAS,TAS,IEA","RXRG,NR5A2,ESRRG,ALPL,SMYD3,PARK7,IGFBP2,CNGA3,PPARG,GHSR,TP63,THRB,RARB,TGFBR2,SLIT2,NR3C1,ZNF366,ESR1,PAQR8,BMP6,AQP1,GHRHR,SFRP1,ALAD,PAPPA,NR5A1,ZMIZ1,FIBIN,TRIM68,NR1H4,NCOR2,METTL21C,RNF6,FOS,ESRRB,RORA,ACSBG1,NTRK3,BCL2,SRC,PMEPA1,RUNX1,PPARA"
query_1,True,0.0101244025935953,47,949,12,0.0126448893572181,0.25531914893617,GO:0002063,GO:BP,chondrocyte development,17916,787,"c(""GO:0002062"", ""GO:0048468"")","IBA,IBA,IEA,IEA,IBA,ISS IEA,IEA,IEA,IEA,IEA,ISS IEA,IBA","COL6A3,VIT,TGFBR2,RUNX2,COL12A1,SULF1,COL27A1,CHST11,ACAN,SMAD7,SULF2,COL20A1"
query_1,True,0.0101994261401996,20,949,8,0.00842992623814542,0.4,GO:0086066,GO:BP,atrial cardiac muscle cell to AV node cell communication,17916,21344,GO:0086065,"IMP,IC,IMP ISS,IMP,IMP,IMP,IMP,ISS","RYR2,KCNJ3,ANK2,CACNB2,KCNJ5,KCNQ1,CACNA1C,TRPM4"
query_1,True,0.0101994261401996,20,949,8,0.00842992623814542,0.4,GO:0086014,GO:BP,atrial cardiac muscle cell action potential,17916,21311,"c(""GO:0086002"", ""GO:0086026"")","IMP,IC,IMP,IMP,IMP,IMP,IMP,ISS","RYR2,KCNJ3,ANK2,CACNB2,KCNJ5,KCNQ1,CACNA1C,TRPM4"
query_1,True,0.0101994261401996,20,949,8,0.00842992623814542,0.4,GO:0086026,GO:BP,atrial cardiac muscle cell to AV node cell signaling,17916,21321,"c(""GO:0086019"", ""GO:0086066"")","IMP,IC,IMP,IMP,IMP,IMP,IMP,ISS","RYR2,KCNJ3,ANK2,CACNB2,KCNJ5,KCNQ1,CACNA1C,TRPM4"
query_1,True,0.0134960923040251,624,949,60,0.0632244467860906,0.0961538461538462,GO:0071396,GO:BP,cellular response to lipid,17916,19703,"c(""GO:0033993"", ""GO:0071310"")","IMP,IEA,ISS IEA,IEA,IEA,IEA,ISS IEA,IDA,ISS IEA,IEA,ISS,IBA IEA,IEA,IEA,IEA,IBA IEA,IDA IEA,IBA,IEA,IDA IMP IEA,IEA,IDA IBA,ISS,IDA IEA,IMP,IDA ISS TAS NAS IEA,IEA,ISS IEA,IEA,IEA,IDA,IEA,ISS IEA,IDA IEP,IEA,IBA IEA,IEA,IMP,IEA,IDA,ISS IEA,IDA,IDA IBA IEA,IMP,ISS,IEA,IMP IBA,ISS,IEA,IEA,IDA IMP IEA,IEA,IMP,IEA,ISS IBA IEA,NAS,NAS,TAS,ISS,IBA IEA","TNFRSF1B,RXRG,CDC73,NR5A2,ESRRG,SMYD3,PDE4B,PARK7,PRKCE,IRAK2,GRAMD1C,PPARG,GHSR,TP63,THRB,RARB,TNIP3,CXCL13,EFNA5,NR3C1,PDE4D,ZNF366,ADCY2,CRHBP,SASH1,ESR1,PAQR8,BMP6,STRA8,TRIM24,AQP1,GHRHR,RAMP3,SFRP1,ABCA1,BRINP1,NR5A1,CHMP5,FGFR2,ZMIZ1,GRAMD1B,TRIM68,NR1H4,NCOR2,WNT5B,METTL21C,RNF6,HMGB1,ESRRB,ALDH1A2,RORA,NTRK3,OSBPL7,AKAP8,SRC,CYP24A1,PMEPA1,RUNX1,TBX1,PPARA"
query_1,True,0.0148735588040904,257,949,32,0.0337197049525817,0.12451361867704303,GO:2000027,GO:BP,regulation of animal organ morphogenesis,17916,29453,"c(""GO:0009887"", ""GO:0022603"", ""GO:2000026"")","NAS,IEA,IDA,IEA,ISS IEA,TAS,IEA,ISS IEA,NAS,ISS,IEA,IEA,IEA,IEA,NAS,IEA,NAS IEA,IEA,ISS IEA,IEA,ISS IEA,IGI,IEA,ISS,IEA,IEA,ISS IEA,IEA,TAS,IEA,ISS,NAS IEA","CELSR2,CSF1,AJAP1,ROR1,ACVR1,PSMD1,THRB,TGFBR2,PRICKLE2,ROBO2,ESR1,RUNX2,FOXP2,TWIST1,MAGI2,RSPO2,FZD3,SFRP1,SULF1,EYA1,NFIB,MLLT3,DMRT3,FGFR2,GPC6,HNF1B,NOG,BCL2,AP2S1,SULF2,TBX1,CELSR1"
query_1,True,0.0154409984324248,409,949,44,0.0463645943097998,0.10757946210268901,GO:0032970,GO:BP,regulation of actin filament-based process,17916,9227,"c(""GO:0030029"", ""GO:0050794"")","ISS,IEA,IDA IBA,IDA IEA,IEA,IMP,IMP,IEA,IBA,ISS,ISS IEA,ISS IEA,IMP,IMP IGI,IC,IBA,IDA,IDA IBA IEA,IEA,ISS IBA IEA,IDA,IMP IBA,IDA,IBA,IDA IMP,ISS,IBA,IMP,IMP,IMP ISS IBA IEA,IEA,IMP,IDA,IBA,IEA,IMP,IDA,IEA,IDA,ISS IEA,IEA,IMP ISS,IBA,ISS IEA","NOS1AP,RGS4,ARHGEF10L,LMOD1,ADORA1,ACTN2,RYR2,FMN2,KANK4,PDE4B,PLEKHH2,PRKCE,CTNNA2,ANK2,CAMK2D,SYNPO2,SLIT2,EFNA5,SH3PXD2B,PDE4D,IQGAP2,ARHGAP18,PARK2,WIPF3,DLC1,SFRP1,RHOBTB1,CTNNA3,ARAP1,FCHSD2,NOX4,CACNA1C,NTF3,RHOJ,SPTB,CYFIP1,NTRK3,SPIRE2,INPP5K,BCAS3,NPHS1,TRPM4,BAIAP2L2,CELSR1"
query_1,True,0.0160894648328328,93,949,17,0.017913593256059,0.18279569892473102,GO:0001843,GO:BP,neural tube closure,17916,627,"c(""GO:0014020"", ""GO:0060606"")","IMP NAS,ISS,ISS IEA,IEA,ISS IEA,IEA,IEA,ISS,IEA,IEA,ISS IEA,ISS IEA,IEA,ISS,IEA,IEA,ISS IEA","MTHFR,SKI,LMO4,TRIM71,MTHFD1L,BRD2,TWIST1,DLC1,FZD3,SFRP1,KDM2B,MTHFD1,RGMA,TSC2,NOG,CECR2,CELSR1"
query_1,True,0.0175609524304344,1008,949,86,0.0906217070600632,0.0853174603174603,GO:0051050,GO:BP,positive regulation of transport,17916,15791,"c(""GO:0006810"", ""GO:0048518"", ""GO:0051049"")","ISS,IEA,ISS IEA,IDA IMP IEA,IDA,IEA,ISS,IMP,IEA,TAS,IDA,IEA,ISS IEA,TAS,IEA,IEA,ISS IBA IEA,IDA IEA,IBA,ISS,IDA,IDA,IEA,ISS IEA,TAS,ISS,ISS IEA,ISS IEA,IMP NAS,IEA,NAS IEA,IBA IEA,IMP,IMP,NAS IEA,IDA,IEA,IGI,IMP IBA IEA,IDA IEA,ISS,ISS IEA,IMP IEA,IEA,IMP IBA,IMP,IMP,IDA ISS IEA,ISS,ISS,IDA,IDA,HMP,IEA,IDA,IEA,IDA,ISS IEA,IBA,IEA,IDA IBA,IDA ISS,IEA,IEA,IEA,IEA,ISS IEA,TAS,ISS IEA,IEA,IMP IGI,TAS,TAS,IDA,ISS,ISS,IEA,IMP,IMP,IDA IEA,IEA,IDA,IMP,IMP,IEA,IDA","NOS1AP,ADORA1,EPHB2,ACTN2,RYR2,PARK7,MAP2,ACSL3,PRKCE,YWHAQ,MYLK,PPARG,NLGN1,TP63,IL1RAP,FGF12,STAC,CACNA1D,CADPS,ANK2,FGA,HTT,TERT,CAMK2A,SGK1,IFNGR1,CNKSR3,DTNBP1,PARK2,IL17A,BMP6,CADPS2,TWIST1,AQP1,GHRHR,SFRP4,GLI3,RAMP3,HIP1,MAGI2,CACNA2D1,SLC30A8,ABCA1,RAPGEF1,TCF7L2,CAMK1D,FRMD4A,CACNB2,ANK3,SORBS1,CADM1,KCNQ1,ATG13,SYT7,FGF19,NR1H4,NTF3,SYT1,WNK1,ATP8A2,HMGB1,AKAP6,PRKCB,CACNG3,ABR,RPH3AL,INPP5K,SPACA3,BCAS3,MAP2K6,MYOM1,PMAIP1,BCL2,MBP,RAB31,TRPM4,SRC,PLCG1,TBC1D20,EDN3,SYNJ1,KCNE1,PCNT,CLTCL1,PLA2G6,PDGFB"
query_1,True,0.0186863313204025,94,949,17,0.017913593256059,0.180851063829787,GO:0060606,GO:BP,tube closure,17916,17627,GO:0035148,"IMP NAS,ISS,ISS IEA,IEA,ISS IEA,IEA,IEA,ISS,IEA,IEA,ISS IEA,ISS IEA,IEA,ISS,IEA,IEA,ISS IEA","MTHFR,SKI,LMO4,TRIM71,MTHFD1L,BRD2,TWIST1,DLC1,FZD3,SFRP1,KDM2B,MTHFD1,RGMA,TSC2,NOG,CECR2,CELSR1"
query_1,True,0.0191012362863929,167,949,24,0.0252897787144362,0.143712574850299,GO:0010469,GO:BP,regulation of signaling receptor activity,17916,4691,"c(""GO:0009966"", ""GO:0065009"")","IEA,ISS IEA,TAS,ISS IEA,ISS,IGI ISS IEA,ISS IEA,IMP IBA,ISS,IDA ISS IBA IEA,IPI,IEA,TAS,IBA,TAS,IBA IEA,ISS IBA IEA,IBA,IBA IEA,IDA,IMP ISS IEA,IEA,IEA,ISS TAS IEA","ADORA1,EPHB2,ACTN2,GREM2,NRXN1,NLGN1,FAM19A4,ZFYVE28,PDE4D,CRHBP,RAMP3,PTEN,DLG2,HMGB1,GRIN2A,SHISA9,CACNG3,GSG1L,SHISA6,NOG,CACNG5,SRC,SPINT3,APP"
query_1,True,0.0208909394186695,67,949,14,0.0147523709167545,0.20895522388059698,GO:0051965,GO:BP,positive regulation of synapse assembly,17916,16476,"c(""GO:0007416"", ""GO:0051962"", ""GO:0051963"", ""GO:1901890"")","ISS IEA,ISS TAS IEA,ISS IEA,IBA IEA,IDA ISS IEA,ISS IEA,IMP,IEA,IEA,ISS,IEA,IEA,IEA,IEA","EPHB2,NRXN1,EPHB1,CLSTN2,NLGN1,IL1RAP,GRID2,EFNA5,THBS2,PTPRD,LINGO2,NTRK2,NTRK3,ASIC2"
query_1,True,0.0229534791680329,496,949,50,0.0526870389884089,0.10080645161290301,GO:0016049,GO:BP,cell growth,17916,5699,"c(""GO:0009987"", ""GO:0040007"")","NAS,IEA,IEA,IEA,IMP,IDA,IEA,ISS IEA,IDA,IEA,IEA,IDA,NAS,ISS,IDA IMP IBA,ISS IEA,IEA,IEA,TAS,IEA,IDA,NAS,IEA,ISS,IDA,IMP,ISS,IMP,NAS,NAS,IEA,IDA,IDA,ISS IEA,ISS,IMP IEA,IBA,IEA,IEA,IBA NAS IEA,ISS IEA,IDA,IEA,IDA IEA,IDA,IEA,ISS IEA,IDA IEA,ISS IEA,IEA","ARHGEF11,RGS4,LMX1A,CDC73,GNG4,MACF1,RAPH1,MAP2,ITSN2,PPARG,TGFBR2,GOLGA4,CAMK2D,SORBS2,SLIT2,PDLIM5,EFNA5,FSTL4,SGK1,PARK2,CPNE5,NRCAM,PLXNA4,AUTS2,SFRP1,EXOSC2,OLFM1,SMARCA2,NET1,NRG3,KDM2B,ACVR1B,SYT1,RNF6,AKAP6,CYFIP1,SEMA6D,NTRK3,RGMA,WFDC1,RNF157,TMC8,SMAD7,BCL2,CSNK2A1,CDH4,APP,DSCAM,RTN4R,PPARA"
query_1,True,0.0236598410566958,4809,949,313,0.32982086406743893,0.0650862965273446,GO:0042221,GO:BP,response to chemical,17916,11717,GO:0050896,"IDA TAS IEA,IEA,IMP TAS IEA,IMP IBA IEA,IEA,IEA,IBA IEA,IDA,ISS IEA,IBA IEA,IDA IMP ISS IEA,IEA,TAS,IBA,TAS,IEA,IEP IEA,IDA IMP IGI IBA TAS NAS,IBA TAS,ISS IEA,IMP,IDA ISS TAS IEA,IDA ISS IBA IEA,IMP,ISS TAS IEA,IEA,TAS IEA,ISS IEA,IDA IMP IGI IEA,IDA IMP ISS IEA,IMP,IBA IEA,IDA IMP ISS IBA IEA,IMP IEA,IEA,IEA,ISS IEA,IEA,IEA,TAS,IBA,IMP IEA,IEA,IEA,ISS IEA,IDA ISS TAS,IMP,TAS,IEA,IEA,IEA,IMP IBA TAS IEA,ISS,ISS IEA,IBA,IDA IEA,IDA,IDA IMP ISS IBA TAS IEA,IDA ISS IEA,TAS,IDA ISS IEA,ISS IEA,ISS IEA,IEA,TAS IEA,IEA,IBA IEA,IBA TAS IEA,IBA IEA,IDA IMP IBA TAS IC IEA,TAS IEA,IEA,ISS IEA,ISS IBA IEA,IDA IEP ISS TAS IEA,IEA,TAS,IDA,IDA IEA,IEA,IDA,IBA,TAS,IDA IMP IEP ISS IBA TAS IEA,IEP,IDA ISS IBA IEA,IDA ISS IBA IEA,ISS IBA IEA,TAS,IMP IEA,ISS IEA,IEA,IEA,IDA IMP IEA,IDA TAS,TAS,IBA TAS IEA,IDA IMP,IBA,IEA,IEA,IEA,IDA IBA,ISS TAS,IDA IMP ISS IBA IEA,IMP,IMP IBA IEA,IEA,IBA TAS,IMP,IDA ISS TAS NAS IEA,IEA,ISS,IEA,IDA IMP ISS IBA TAS NAS IEA,TAS,IEA,IBA,IEA,TAS,ISS IEA,TAS IEA,IBA IEA,TAS,IDA IMP ISS IBA IEA,IEA,IEA,IBA IEA,IEA,IDA IEA,IMP TAS IEA,IEA,IEA,ISS IEA,IDA IEA,IMP TAS IEA,IDA,IEA,IDA IMP IEP,IDA IMP IEA,TAS IEA,ISS NAS IEA,IEA,IGI ISS IBA IEA,ISS,IGI,ISS IEA,IBA,IMP IBA IEA,IEP TAS,IEA,ISS IEA,IEA,IBA IEA,IDA IEP IEA,IEA,IEA,IMP ISS IBA IEA,NAS IEA,IEA,IEA,IBA IEA,TAS IEA,IBA IEA,IDA TAS,IMP IEA,IEA,ISS IEA,IMP,IBA TAS IEA,ISS,IDA IPI IGI ISS TAS IEA,IEA,IMP ISS IEA,ISS IEA,IEA,TAS IEA,IDA,IEA,ISS,IDA,IEA,IEA,ISS,ISS TAS,IBA,ISS IEA,IDA,IEA,IDA IMP TAS,IEA,IEA,IDA TAS,IEA,IEA,IBA,IBA,IPI IGI TAS IEA,ISS IEA,TAS IEA,IDA ISS IBA IC IEA,IEA,IDA IMP ISS TAS IEA,IMP IEA,ISS,IDA,IBA,IDA IBA TAS IEA,ISS IBA TAS IEA,IDA IMP ISS,IBA,IEA,IEA,IEA,IMP IBA,IDA IEA,IDA ISS IBA IEA,IDA IEA,ISS TAS NAS IEA,TAS,IEA,IDA,IDA ISS,TAS,TAS,IDA IMP TAS IEA,IEA,TAS,IMP ISS IBA TAS IEA,IEA,IEA,IEA,TAS,IBA IEA,IDA,IEA,ISS,IBA,IDA IEA,IDA IMP ISS TAS IEA,IEA,IDA IBA TAS IEA,IBA IEA,IDA IEA,ISS IBA,ISS IEA,TAS,IDA IEA,IDA IEA,IEA,IEA,IEA,IDA ISS IBA IEA,TAS,IEA,IMP,IBA IEA,IBA TAS IEA,IBA TAS IEA,IEA,IMP,IDA IMP ISS IBA TAS IEA,IDA,IEA,IMP,IEA,IEA,IBA,IMP IEA,IEA,IBA IEA,IDA IMP TAS IC IEA,IBA,IMP NAS,IDA IEP,IDA IMP TAS IEA,IBA,IEP,IEA,IDA,IMP,IEA,IDA IBA TAS,IEA,ISS IEA,IEA,TAS IEA,IEA,IEA,IMP ISS IBA TAS IEA,IDA IMP TAS,TAS,IDA,IBA,ISS IBA IEA,IDA IEP,IMP,IDA NAS,IBA IEA,IDA IMP TAS NAS IEA,IDA,IEA,IDA ISS IEA,IMP,IGI ISS IEA,IEA,IDA,TAS,IDA ISS IBA IEA,ISS,IEA,IDA ISS IEA,ISS IBA IEA","CSF1,MTHFR,TNFRSF1B,PYHIN1,RGS4,LMX1A,RXRG,RCSD1,CDC73,NR5A2,ATP2B4,NFASC,IL20,PLXNA2,PTPN14,ESRRG,ALPL,SKI,ENAH,EPHB2,ACTN2,RYR2,CHRM3,FMN2,GREM2,SMYD3,DAB1,PDE4B,PARK7,TGFBR3,AFF3,ACVR1C,ACVR1,DPP4,MAP2,ERBB4,IGFBP2,ACSL3,COL4A3,PSMD1,RAMP1,HDAC4,DNMT3A,ALK,PRKCE,NRXN1,VRK2,RSAD2,DYSF,HK2,CNGA3,IRAK2,GRAMD1C,ZBTB20,CNTN6,ATG7,MYLK,PPARG,EPHB1,PLD1,GHSR,NLGN1,EIF2B5,TP63,IL1RAP,FGF12,THRB,CNTN4,RARB,TGFBR2,IL5RA,CMTM8,TRIM71,FAM19A4,ROBO2,ANK2,CAMK2D,NDNF,TNIP3,SETD7,FGA,GLRA3,IRF2,SLIT2,SLC34A2,KIT,CXCL13,EFNA5,LMNB1,TERT,FBN2,KDM3B,SLC6A3,NR3C1,CAMK2A,FBXW11,UNC5A,ADAMTS12,EGFLAM,NNT,ITGA1,PDE4D,ZNF366,ADCY2,CRHBP,GCNT2,SESN1,LAMA2,IFNGR1,SASH1,ESR1,IPCEF1,DTNBP1,ARID1B,PARK2,PACRG,RPS6KA2,CPNE5,GLP1R,IRF4,RUNX2,IL17A,PAQR8,F13A1,BMP6,NRCAM,FOXP2,PLXNA4,STRA8,TRIM24,HIPK2,TBXAS1,ETV1,PTPRN2,HDAC9,TWIST1,DFNA5,GNA12,AQP1,GHRHR,BMPER,SFRP4,GLI3,RAMP3,MAGI2,CACNA2D1,KIAA1324L,MSRA,SLC30A8,NDRG1,MSR1,SLC39A14,FZD3,UNC5D,SFRP1,PXDNL,CHD7,SULF1,ABCA1,ALAD,PAPPA,BRINP1,PTGS1,NR5A1,RAPGEF1,ADAMTSL2,DBH,NFIB,CHMP5,NTRK2,TCF7L2,FGFR2,CTBP2,CAMK1D,PTPRE,MGMT,ZEB1,NET1,PCDH15,ANK3,ZMIZ1,NRG3,PTEN,SORBS1,NCAM1,DSCAML1,GRAMD1B,DCPS,ETS1,KCNQ1,FIBIN,ABTB2,TRIM68,OR51D1,OR5I1,SYT7,SYT12,FGF19,DLG2,NOX4,NR1H4,CHST11,SH2B3,NCOR2,WNT5B,SOX5,ACVR1B,NTF3,SYT1,WNK1,PLXNC1,METTL21C,COL4A1,COL4A2,RNF6,FLT1,HMGB1,ALOX5AP,SMAD9,ELF1,ABCC4,DHRS2,AKAP6,EGLN3,SPTB,FOS,ESRRB,NRXN3,SEL1L,UNC79,SERPINA12,BCL11B,PCSK6,CYFIP1,GABRB3,GABRG3,RYR3,SEMA6D,ALDH1A2,RORA,ACSBG1,NTRK3,RGMA,GRIN2A,TSC2,PRKCB,IL21R,WWOX,CDH13,WFDC1,ABR,RPH3AL,INPP5K,PITPNA,PEMT,NLK,BLMH,CCL8,CCL16,HNF1B,OSBPL7,NOG,BCAS3,MAP2K6,CARD14,STX8,GLP2R,GNAL,LDLRAD4,TGIF1,RNF165,SMAD7,MAPK4,COLEC12,PMAIP1,BCL2,LAMA1,ZNF236,MBP,PTPRM,RAB31,AKAP8,JAK3,GRIK5,TRPM4,RFX2,VAV1,OR7G3,RPN2,SRC,PLCG1,RBCK1,PTPRT,SPINT3,SULF2,PTGIS,NFATC2,CYP24A1,ZBP1,PMEPA1,EDN3,CDH4,PLCB1,GABPA,APP,SYNJ1,KCNE1,RUNX1,DSCAM,TBX1,PLA2G6,PDGFB,PPARA"
query_1,True,0.0258097656686942,723,949,66,0.0695468914646997,0.0912863070539419,GO:0071363,GO:BP,cellular response to growth factor stimulus,17916,19670,"c(""GO:0070848"", ""GO:0071310"")","IEA,IDA,IDA IMP IGI IBA TAS NAS,TAS IEA,IDA IMP ISS IEA,IBA,IDA IMP ISS IBA IEA,IEA,IDA,IEA,IDA IMP IBA TAS IC IEA,ISS IEA,IDA,IDA,ISS IEA,IDA,IDA,IMP,ISS IEA,IDA IMP ISS IBA IEA,IMP IEA,IEA,TAS IEA,ISS IEA,ISS,ISS IEA,IDA IEP IEA,IMP ISS IBA IEA,IDA,IMP IEA,IBA TAS IEA,IDA IPI IGI ISS TAS IEA,IEA,IDA,IEA,IPI IGI TAS IEA,IEA,IEA,IDA,IBA,IBA TAS,IEA,IDA IEA,ISS TAS NAS IEA,IDA,TAS,IEA,IBA TAS IEA,IBA IEA,ISS IEA,IDA IEA,IDA,IMP,IDA IMP ISS IBA TAS IEA,IMP IEA,IEA,IBA IEA,IDA IMP TAS IC IEA,IMP IEA,IDA IMP,IBA,ISS IBA IEA,IDA IMP TAS IEA,IEA,ISS,IDA","TNFRSF1B,ATP2B4,SKI,GREM2,TGFBR3,ACVR1C,ACVR1,ERBB4,NRXN1,FGF12,TGFBR2,TRIM71,SLIT2,CXCL13,FBN2,NR3C1,ADAMTS12,GCNT2,RUNX2,BMP6,HIPK2,TWIST1,BMPER,SFRP4,MAGI2,KIAA1324L,SFRP1,SULF1,RAPGEF1,ADAMTSL2,NTRK2,FGFR2,ZEB1,ZMIZ1,PTEN,FGF19,NOX4,CHST11,SOX5,ACVR1B,NTF3,COL4A2,FLT1,SMAD9,FOS,PCSK6,CYFIP1,NTRK3,RGMA,PRKCB,WWOX,INPP5K,NLK,NOG,LDLRAD4,TGIF1,RNF165,SMAD7,SRC,PLCG1,SPINT3,SULF2,PMEPA1,APP,TBX1,PDGFB"
query_1,True,0.0288103844191755,29,949,9,0.00948366701791359,0.31034482758620696,GO:0001964,GO:BP,startle response,17916,703,"c(""GO:0009605"", ""GO:0050905"")","IEA,ISS IEA,ISS IEA,IEA,IEA,IEA,IEA,ISS IEA,IEA","NRXN1,CTNNA2,GRID2,SLC6A3,PARK2,CSMD1,PCDH15,PTEN,GRIN2A"
query_1,True,0.0340441758795472,422,949,44,0.0463645943097998,0.10426540284360199,GO:0001558,GO:BP,regulation of cell growth,17916,471,"c(""GO:0016049"", ""GO:0040008"", ""GO:0051128"")","NAS,IEA,IEA,IEA,IMP,IDA,ISS IEA,IDA,IEA,IDA,NAS,IMP IBA,IEA,IEA,TAS,IEA,IDA,NAS,IEA,IDA,IMP,ISS,IMP,NAS,NAS,IEA,IDA,IDA,ISS IEA,ISS,IEA,IBA,IEA,IEA,IBA NAS IEA,ISS IEA,IDA,IEA,IDA IEA,IDA,IEA,IDA IEA,ISS IEA,IEA","ARHGEF11,RGS4,LMX1A,CDC73,GNG4,MACF1,MAP2,ITSN2,PPARG,GOLGA4,CAMK2D,SLIT2,EFNA5,FSTL4,SGK1,PARK2,CPNE5,NRCAM,PLXNA4,SFRP1,EXOSC2,OLFM1,SMARCA2,NET1,NRG3,KDM2B,ACVR1B,SYT1,RNF6,AKAP6,CYFIP1,SEMA6D,NTRK3,RGMA,WFDC1,RNF157,TMC8,SMAD7,BCL2,CSNK2A1,CDH4,DSCAM,RTN4R,PPARA"
query_1,True,0.036754640404426005,306,949,35,0.0368809272918862,0.11437908496732001,GO:0018105,GO:BP,peptidyl-serine phosphorylation,17916,6050,"c(""GO:0006468"", ""GO:0018209"")","IDA,NAS,IEA,IMP,IDA IBA,IDA,IBA,IDA,IDA,IBA,ISS IEA,ISS IEA,IBA,IBA,ISS IEA,IEA,ISS IBA IEA,IGI,IEA,IEA,IMP,IBA,IDA,IMP ISS,IBA,IDA,IBA,IDA IBA IEA,ISS IEA,IDA IEA,IEA,IEA,IDA IBA,IMP,IDA","ATP2B4,MARK1,SMYD3,PARK7,PRKCE,NRXN1,VRK2,TGFBR2,CAMK2D,STK32B,CAMK2A,PDE4D,MAST4,SGK1,CNKSR3,RPS6KA2,HIPK2,RAMP3,NTRK2,INPP5F,PTEN,DYRK4,NTF3,WNK1,PRKCH,NTRK3,PRKCB,INPP5K,NLK,SMAD7,BCL2,SRC,CSNK2A1,APP,PDGFB"
query_1,True,0.0431857751803022,246,949,30,0.0316122233930453,0.12195121951219501,GO:0048705,GO:BP,skeletal system morphogenesis,17916,15222,"c(""GO:0001501"", ""GO:0009887"")","IEA,ISS,IBA,IBA,IBA IEA,ISS IEA,ISS IEA,IEA,ISS IEA,IEA,IBA,IEA,IMP TAS IEA,IMP IEA,IEA,IEA,IEA,IEA,IMP,IMP ISS TAS,IEA,IDA,IEA,ISS,IEA,IEA,ISS IEA,IMP,IBA,IMP ISS","ALPL,SKI,COL6A3,VIT,RARB,TGFBR2,FBN2,SH3PXD2B,MTHFD1L,RUNX2,COL12A1,BMP6,TWIST1,SFRP4,GLI3,SFRP1,EYA1,COL27A1,FREM1,FGFR2,ZEB1,DSCAML1,CHST11,MTHFD1,FOXN3,ACAN,WWOX,NOG,COL20A1,TBX1"
query_1,True,0.043662231425986,234,949,29,0.0305584826132771,0.12393162393162402,GO:0009755,GO:BP,hormone-mediated signaling pathway,17916,4138,"c(""GO:0007165"", ""GO:0032870"")","IEA,IBA IEA,IEA,IDA,IBA IEA,IDA,IEA,IBA IEA,IBA IEA,IEA,IDA IBA,IDA IBA,IDA ISS TAS NAS IEA,IEA,IEA,IDA,IBA IEA,IDA,IDA,IEA,IMP,IEA,IMP IBA,IEA,IEA,ISS IBA IEA,NAS,TAS,IBA IEA","RXRG,NR5A2,ESRRG,PARK7,PPARG,GHSR,TP63,THRB,RARB,NR3C1,ZNF366,CRHBP,ESR1,PAQR8,GHRHR,SFRP1,NR5A1,ZMIZ1,TRIM68,NR1H4,NCOR2,METTL21C,RNF6,ESRRB,RORA,SRC,PMEPA1,RUNX1,PPARA"
query_1,True,0.0437648235582857,100,949,17,0.017913593256059,0.17,GO:0014020,GO:BP,primary neural tube formation,17916,5180,"c(""GO:0001838"", ""GO:0001841"")","IMP NAS,ISS,ISS IEA,IEA,ISS IEA,IEA,IEA,ISS,IEA,IEA,ISS IEA,ISS IEA,IEA,ISS,IEA,IEA,ISS IEA","MTHFR,SKI,LMO4,TRIM71,MTHFD1L,BRD2,TWIST1,DLC1,FZD3,SFRP1,KDM2B,MTHFD1,RGMA,TSC2,NOG,CECR2,CELSR1"
query_1,True,0.0466803713132135,989,949,83,0.0874604847207587,0.0839231547017189,GO:0044087,GO:BP,regulation of cellular component biogenesis,17916,12752,"c(""GO:0044085"", ""GO:0050794"")","IDA IBA,IDA IEA,ISS IEA,ISS IEA,IEA,IDA ISS IBA,IBA,IDA IC,IEA,ISS TAS,IEA,IMP,ISS IEA,ISS TAS IEA,IEA,IMP,ISS IEA,IBA IEA,IMP IBA,IEA,IDA ISS IEA,ISS IEA,ISS,ISS IEA,IBA,IEA,ISS IEA,IDA,IMP,IEA,ISS,IMP,IMP IEA,ISS IEA,IDA IEA,IMP,IEA,IDA,IMP IBA,IDA,IDA IMP,IEA,IBA,ISS,IDA,ISS,TAS,IDA IMP ISS IEA,ISS TAS IEA,ISS,IMP,IEA,IMP,IEA,IBA,IMP IEA,IMP,IMP ISS IBA IEA,IEA,IBA,IMP,IDA,IEA,IBA,IEA,IMP,IEA,IMP IEA,IEA,IEA,IDA,IEA,ISS IEA,IMP,IDA,IDA,IEA,IMP ISS TAS IEA,IDA IEA,IDA IMP,TAS,IBA,IEA","ARHGEF10L,LMOD1,AIDA,EPHB2,FMN2,MACF1,KANK4,PARK7,LMO4,MAP2,HDAC4,DYNC2LI1,PRKCE,NRXN1,ANTXR1,CTNNA2,EPHB1,CLSTN2,PLD1,GHSR,NLGN1,IL1RAP,ROBO2,SETD5,SYNPO2,LDB2,GPM6A,SLIT2,HTT,KIT,CXCL13,CNOT6L,GRID2,PDLIM5,EFNA5,MYO10,SH3PXD2B,IQGAP2,ARHGAP18,ESR1,PARK2,THBS2,WIPF3,AUTS2,DLC1,SFRP1,NSMAF,PTPRD,ABCA1,MUSK,RAPGEF1,LINGO2,CHMP5,NTRK2,C10orf90,PTEN,ARAP1,FCHSD2,NOX4,ATXN2,NAV3,HMGB1,DNAJC15,GPC6,FARP1,PRKCH,SPTB,CYFIP1,NTRK3,SPIRE2,INPP5K,ASIC2,BCAS3,SEPT9,TMC8,LDLRAD4,NPHS1,SRC,PMEPA1,APP,RUNX1,BAIAP2L2,PLA2G6"
query_1,True,0.0468609344322857,11382,949,662,0.697576396206533,0.0581620101915305,GO:0050794,GO:BP,regulation of cellular process,17916,15572,"c(""GO:0009987"", ""GO:0050789"")","IBA,IEA,IDA IBA IEA,ISS NAS IEA,IDA ISS IBA TAS NAS IEA,IEA,TAS IEA,IDA,NAS,IMP ISS TAS IEA,IDA TAS NAS IEA,IDA IMP,IMP ISS TAS NAS,TAS IEA,TAS IEA,ISS IBA IEA,IBA IEA,IDA IBA,IEA,NAS IEA,TAS IEA,IMP IEA,IDA IMP IBA IEA,IDA ISS IBA TAS IEA,IDA IEA,TAS IEA,IDA IMP NAS IC IEA,TAS IEA,ISS IBA IEA,IEA,IDA IMP IEA,IMP,IDA ISS IEA,IDA ISS IBA IEA,IDA IMP IGI ISS IBA TAS NAS IEA,IDA ISS IEA,ISS IBA TAS IEA,IMP IBA TAS IEA,IDA IMP TAS NAS IEA,IDA IMP ISS IBA IC IEA,IDA ISS IBA TAS IEA,IDA IMP IEA,ISS TAS IEA,TAS IEA,IEA,IEA,IDA ISS IBA IEA,IDA IMP ISS IBA IEA,IMP,IDA,IEA,IDA IBA NAS IEA,IBA,IEA,IMP IBA TAS IEA,IMP ISS TAS IEA,IDA IMP IGI ISS TAS NAS IC IEA,IEA,ISS IEA,IDA IMP ISS IEA,IDA IBA TAS IEA,IBA IEA,IDA IMP IBA IEA,IDA IMP IGI ISS IBA IEA,ISS IEA,IDA IMP TAS,TAS IEA,IDA,TAS IEA,IBA IEA,TAS IEA,IMP IGI IEA,IMP IEA,IMP IEA,IEA,IMP,ISS TAS IEA,IDA IMP ISS IBA TAS IEA,IDA ISS IBA TAS IC IEA,IEA,TAS,ISS IEA,IMP,IDA TAS NAS IEA,IEA,TAS,IEA,IDA TAS NAS IEA,IDA IPI IGI IBA TAS IEA,IDA IMP IGI ISS IEA,IDA IEA,IMP IC IEA,ISS IBA TAS IEA,IBA IEA,ISS,ISS IEA,IMP,IMP ISS IBA TAS IEA,IDA ISS TAS IEA,IMP IBA,IEA,IDA ISS TAS IEA,IBA IEA,IMP IBA IEA,IMP IEA,IMP ISS TAS IEA,IEA,IDA TAS IEA,TAS,IMP IBA TAS IEA,ISS IEA,IEA,IDA IMP IGI IEA,IDA,ISS TAS IEA,IDA IMP ISS IBA IC IEA,ISS,IDA IMP ISS IBA TAS IEA,IBA IEA,IEA,IEA,IDA IMP IBA TAS NAS IEA,IDA IMP IBA TAS IEA,IDA TAS IEA,IDA IGI ISS IBA TAS IEA,IDA ISS IEA,IBA TAS IEA,IDA IMP ISS TAS NAS IEA,ISS IBA TAS IEA,IMP ISS TAS IEA,IBA IEA,IMP TAS,IBA TAS IEA,IMP IEA,IDA IMP ISS IBA TAS IC IEA,TAS IEA,IEA,IDA ISS IBA IEA,IDA IMP,ISS IBA NAS IEA,IDA,IBA,IDA ISS IBA TAS NAS IEA,ISS TAS IEA,IEA,IMP,IMP TAS IEA,IBA,NAS,ISS IEA,IDA ISS IBA TAS IEA,ISS IEA,IDA ISS,ISS IEA,IMP IGI ISS IEA,IDA IMP ISS TAS NAS IC,IBA,IDA ISS IEA,IDA IBA IEA,IEA,IDA IBA TAS IEA,TAS,IBA TAS IEA,IDA TAS NAS,IMP,ISS IBA IEA,TAS IEA,IBA IEA,ISS IEA,ISS IEA,IDA,IMP TAS IEA,IBA,IDA IMP ISS IBA TAS IC,IMP IBA,IDA IMP,IBA,IDA IMP ISS IBA TAS IEA,IGI ISS,NAS IEA,IDA ISS IBA TAS IEA,IMP TAS IEA,IEA,IDA IBA IEA,IMP ISS IBA TAS IEA,ISS IEA,IDA ISS IBA TAS NAS IEA,TAS,IDA IMP IGI ISS IEA,ISS IEA,IEA,IBA,IEA,TAS IEA,IDA IMP TAS IEA,IEA,IDA IMP ISS TAS IEA,IDA IBA TAS IEA,IMP TAS IEA,IMP ISS TAS IEA,IEA,ISS IEA,IDA IMP IBA,IDA,IEA,IEA,IDA IMP ISS IEA,IMP ISS IBA TAS NAS IC IEA,IBA,IDA IBA,IEA,ISS IBA TAS IEA,IDA TAS IEA,IDA IMP ISS IBA TAS IEA,TAS IEA,IMP ISS,IMP ISS,IMP IBA,IBA,ISS IEA,IEA,IMP IBA TAS IEA,IBA TAS,TAS IEA,ISS IBA TAS,IDA TAS IEA,IMP ISS,IDA IMP IBA,IEA,IDA IMP ISS TAS NAS IEA,ISS IEA,IBA TAS IEA,ISS IEA,IBA NAS,IDA IMP IGI ISS IBA TAS NAS IC IEA,IMP IBA IEA,IDA IBA IEA,IBA TAS IEA,IDA IBA TAS NAS IEA,IEA,IDA,IDA IBA IEA,IBA,IDA,IDA TAS IEA,IDA TAS NAS IEA,IDA IMP ISS IBA IEA,IEA,IDA IEA,IDA TAS IEA,IEA,IMP IEA,TAS,IEA,IDA IMP IGI ISS IBA NAS IEA,IDA IBA,IBA IEA,IBA IEA,ISS IBA TAS IEA,IDA TAS,NAS IEA,IDA IEA,IBA IEA,ISS NAS,IBA NAS IEA,IEA,IEA,IMP IEA,IDA IMP ISS IBA TAS NAS IEA,IDA IBA IEA,IEA,IEA,IBA IEA,IDA IMP TAS IEA,IDA ISS,IBA,IDA IMP ISS,IDA IMP ISS IBA TAS NAS IEA,NAS IEA,IDA IMP,IDA IEA,IMP ISS IBA TAS IEA,IBA TAS,IDA IMP IBA TAS IEA,IDA IMP,IDA IMP IBA TAS NAS IEA,ISS NAS IEA,IDA TAS IEA,IGI TAS,IDA IMP IGI ISS IBA NAS IEA,IDA IMP ISS IBA TAS IEA,IDA IPI IGI ISS IBA TAS IEA,IDA IEA,IDA ISS,NAS,NAS IEA,IEA,IDA IMP IBA NAS IC IEA,IDA ISS IBA NAS IEA,IMP IGI ISS IEA,IEA,ISS IEA,IMP TAS,IEA,IDA IMP ISS IBA IEA,IDA NAS IEA,ISS IBA IEA,ISS TAS,IDA IMP TAS IEA,NAS IEA,IEP IBA TAS IEA,IEA,ISS IEA,IEA,IEA,IDA IBA IEA,ISS IEA,IDA ISS IBA TAS NAS IEA,IEA,IDA IMP IGI ISS IBA NAS IEA,IEA,TAS IEA,ISS IEA,IMP NAS IEA,IDA IBA IEA,IDA IMP ISS IBA IEA,IMP IBA IEA,IBA IEA,IDA IBA TAS IEA,IDA IMP ISS TAS IEA,IEA,IMP ISS TAS IEA,IMP,IMP ISS IBA TAS,IDA,TAS IEA,IDA IBA IEA,IEA,IMP IGI ISS IBA IEA,IEA,IEA,IMP TAS,IDA IMP TAS NAS IEA,IDA IBA TAS IEA,IMP IEA,IEA,IDA ISS,IEA,IDA IMP ISS IBA IEA,IBA IEA,IDA IMP IGI IEA,IDA IMP IBA TAS IEA,IMP,IEA,TAS,IMP IEA,IDA IBA TAS IEA,ISS IBA IEA,IDA IMP IEA,IMP ISS IBA TAS IEA,IEA,IEA,IBA,IMP IBA IEA,IDA IMP ISS IBA TAS IC IEA,IDA IMP ISS IBA IEA,IDA IPI IMP IGI ISS IBA TAS IEA,IMP ISS TAS IEA,IBA,IDA IMP ISS IEA,ISS IEA,IDA IEA,IMP IBA IEA,IEA,IMP IEA,TAS,ISS IBA IEA,IEA,IDA,IEA,IDA IMP ISS TAS IEA,IDA IMP TAS IEA,IDA IBA TAS NAS IEA,ISS IEA,TAS,IBA TAS IEA,IMP,IDA TAS IEA,IDA ISS IBA IEA,IEA,IMP IBA NAS IEA,IBA IEA,IDA IMP ISS TAS NAS IEA,ISS,IEA,IBA IEA,ISS TAS,IDA IMP ISS IBA NAS IEA,IDA ISS IBA,IBA TAS IEA,IEA,IDA,IDA IMP IBA TAS IEA,IBA IEA,IEA,IDA,IEA,IDA IMP IEA,IEA,IDA IEA,IDA TAS,IDA IEA,IEA,HMP IBA TAS,IBA NAS IEA,ISS IBA IEA,IBA IEA,IBA IEA,IDA IPI IGI TAS IEA,IMP TAS IEA,IMP ISS IBA IEA,TAS,IMP ISS IEA,IDA TAS,ISS IEA,IDA IMP ISS IBA TAS IC IEA,IEA,IDA IMP ISS IBA TAS IEA,IMP IBA NAS,IDA TAS,IBA IEA,IBA IEA,IDA IMP IBA IEA,IMP ISS IBA,IDA IMP IBA IEA,ISS IEA,IDA,IBA IEA,IMP IBA TAS,IDA,ISS IEA,IDA TAS NAS,IDA IBA TAS IEA,IDA IBA IEA,IMP ISS TAS IEA,IDA NAS IEA,IDA IMP IBA,IMP IBA,TAS,IDA IMP IGI IBA TAS IEA,IBA TAS NAS,IDA IGI IBA TAS,IBA TAS IEA,NAS IEA,IMP,IDA ISS IBA TAS IEA,IDA IMP ISS IBA TAS IEA,IBA IEA,IEA,IEA,ISS IEA,IEA,IBA IEA,TAS IEA,IMP ISS IBA IEA,IDA IMP IGI IBA TAS IEA,IDA IMP IGI ISS IBA TAS,IMP IGI TAS IEA,IBA,ISS TAS NAS IEA,IDA IBA TAS NAS IEA,IEA,IDA IMP IBA IEA,IDA IBA TAS IEA,IBA IEA,IBA IEA,IEA,IDA IBA IEA,IDA IEA,ISS IBA IEA,IBA IEA,IMP NAS,IDA ISS NAS IC,ISS IBA IEA,IEP ISS TAS,IEA,IMP ISS IBA TAS IEA,IMP IBA TAS IEA,TAS IEA,IMP,TAS IEA,IDA IMP IGI ISS IBA TAS IEA,IDA ISS IEA,NAS IEA,IEA,IDA IGI IEA,IBA IEA,IMP IBA IEA,TAS,IMP IBA TAS IEA,IMP IBA TAS IEA,IBA IEA,IBA IEA,IDA,IBA IEA,IDA IEA,IDA IMP ISS TAS IEA,IBA IEA,IMP IEA,IBA TAS,IBA TAS IEA,IDA IEA,IDA IBA TAS IEA,IMP,IDA IBA IEA,IPI,IBA TAS NAS IEA,IMP IBA IEA,IDA,ISS IBA IEA,IGI ISS IBA NAS IEA,IDA IMP ISS IBA TAS NAS IEA,ISS IBA IEA,TAS,IBA IEA,IDA IMP IEA,IEA,IBA IEA,IDA ISS TAS IEA,IEA,IDA IMP,IBA NAS IEA,IMP IEA,IEA,TAS IEA,ISS TAS IEA,ISS IBA IEA,IEA,IDA ISS IBA IEA,TAS,IEA,IBA IEA,IMP ISS IBA TAS IEA,IMP IBA IEA,IMP IBA NAS,TAS,IEA,IBA TAS IEA,IBA TAS IEA,IDA IBA IEA,IEA,IEA,IMP NAS,IDA IMP ISS IBA TAS IEA,IDA ISS IEA,NAS,IMP ISS IEA,IMP,IDA IMP IBA IEA,IDA IBA TAS IEA,ISS IEA,IMP,IDA,IBA IEA,IDA IMP NAS IEA,ISS IEA,HMP IEA,ISS IBA TAS IEA,IDA,TAS IEA,IBA TAS IEA,IDA IMP IEA,IMP IGI,TAS,IDA IMP TAS IEA,IDA IMP IGI ISS IBA NAS IEA,IBA IEA,IDA IEA,IDA IMP ISS TAS IC IEA,IBA IEA,IMP NAS,IDA IMP TAS IEA,IEA,IDA IMP IGI ISS IBA TAS NAS IEA,IBA IEA,IBA IEA,ISS IEA,IDA,IBA,ISS IBA IEA,IBA,IDA,IDA IMP,ISS IBA,HMP,NAS IEA,IDA IMP IBA IEA,IMP TAS,IDA IMP,NAS,IDA ISS IBA TAS NAS,IEA,IDA ISS IBA TAS IEA,IDA IBA IEA,IEA,IBA IEA,TAS,IMP,IDA IMP ISS,ISS IBA IEA,TAS IEA,IBA IEA,IMP NAS IEA,IEA,IDA IMP ISS IBA TAS NAS IC IEA,IDA,IEA,IMP IBA TAS IEA,IDA IMP IBA TAS IEA,IDA IBA TAS IEA,IDA IMP NAS IEA,IDA,IBA IEA,IMP,IDA ISS IBA IEA,IDA,IDA IMP IBA TAS IEA,IDA IMP IGI IBA TAS IEA,NAS,IBA IEA,IDA IMP TAS NAS IEA,IDA IGI TAS IEA,IEA,IEA,IDA ISS IBA TAS NAS IEA,IBA TAS IEA,IBA IEA,IDA IBA IEA,IDA IMP IGI ISS TAS IC IEA,IMP IEA,IDA IMP ISS IBA IEA,IDA IMP ISS IBA TAS IEA,IBA IEA,IBA IEA,IDA ISS IEA,IEA,IMP TAS IEA,IMP,ISS IBA NAS IEA,NAS,IMP ISS TAS IEA,IDA IEA,IEA,IMP,HMP,IPI,IBA,TAS IEA,IDA IMP IBA TAS IEA,IDA ISS IBA TAS IC IEA,ISS NAS IEA,ISS","CDC14A,NTNG1,CASZ1,CELSR2,CSF1,KCNC4,CD101,MTHFR,CLCN6,TNFRSF1B,ARHGEF11,PYHIN1,NOS1AP,RGS4,PBX1,LMX1A,RXRG,ARHGEF10L,STX6,RGL1,PAX7,UCHL5,CDC73,NR5A2,LMOD1,ADORA1,ATP2B4,IL20,PLXNA2,HHAT,PTPN14,USH2A,ESRRG,MARK1,SKI,AIDA,EPHB2,GNG4,ACTN2,RYR2,CHRM3,FMN2,GREM2,RGS7,KIF26B,SMYD3,GRIK3,MACF1,RNF220,AJAP1,DAB1,NFIA,KANK4,GPR153,ROR1,PDE4B,PARK7,RERE,LMO4,TGFBR3,E2F6,KCNJ3,ACVR1C,ACVR1,SLC4A10,DPP4,RAPGEF4,ZNF385B,KCNS3,PPP1R1C,PDE1A,ZNF804A,TMEM237,WDR12,RAPH1,HS1BP3,MAP2,ERBB4,IGFBP2,TNS1,SPEG,SGPP2,ACSL3,COL4A3,DNER,PSMD1,COL6A3,LRRFIP1,RAMP1,HDAC4,ITSN2,DNMT3A,ALK,VIT,THADA,PLEKHH2,DYNC2LI1,PRKCE,NRXN1,VRK2,ANTXR1,RSAD2,FIGLA,DYSF,HK2,CTNNA2,REEP1,YWHAQ,CNGA3,IRAK2,ZBTB20,CNTN6,ATG7,MYLK,KALRN,PPARG,MGLL,EPHB1,CLSTN2,SLC6A6,GRIP2,WWTR1,PLD1,GHSR,NLGN1,EIF2B5,DGKG,TP63,IL1RAP,FGF12,THRB,CNTN4,RARB,RBMS3,TGFBR2,IL5RA,CMTM8,TRIM71,FBXL2,STAC,GOLGA4,SNRK,ITPR1,CACNA1D,CACNA2D3,FHIT,PTPRG,CADPS,PRICKLE2,ADAMTS9,GRM7,FAM19A4,ROBO2,SETD5,ANK2,CAMK2D,SYNPO2,NDNF,TNIP3,SETD7,MAML3,ANAPC10,ARHGAP10,FGA,PROM1,LDB2,SPOCK3,GLRA3,GPM6A,TENM3,WWC2,IRF2,SORBS2,SLIT2,ZFYVE28,HTT,STK32B,KIT,SLC4A4,SORCS2,CXCL13,CNOT6L,AFAP1,GPR78,GRID2,PDLIM5,EFNA5,LMNB1,TERT,FBN2,FSTL4,KDM3B,SLC6A3,ARHGAP26,NR3C1,LPCAT1,CAMK2A,ADRA1B,MYO10,FBXW11,SH3PXD2B,UNC5A,UIMC1,ADAMTS12,EGFLAM,NNT,ITGA1,PDE4D,MAST4,ZNF366,HEXB,ADCY2,IQGAP2,CRHBP,RASGRF2,ATG10,GCNT2,SESN1,RNF217,PHACTR1,LAMA2,ARHGAP18,SGK1,PDE7B,IFNGR1,PLAGL1,UTRN,SASH1,UST,ESR1,CNKSR3,TIAM2,DTNBP1,ARID1B,PARK2,PACRG,ATXN1,PDE10A,RPS6KA2,THBS2,BRD2,ETV7,RAB44,CPNE5,GLP1R,IRF4,RUNX2,CLIC5,CDYL,IL17A,PAQR8,KLHL31,F13A1,KCNQ5,BMP6,MRAP2,ZNF292,BACH2,CUX1,LAMB1,NRCAM,FOXP2,CADPS2,MKLN1,PLXNA4,SLC35B4,STRA8,TRIM24,HIPK2,ETV1,EPHB6,KEL,DGKB,PRKAG2,DPP6,LMBR1,HDAC9,TWIST1,RAPGEF5,DFNA5,CREB5,GNA12,WIPF3,CARD11,AQP1,GHRHR,PPP1R17,BMPER,ELMO1,SFRP4,GLI3,RAMP3,FOXK1,AUTS2,BAZ1B,GTF2IRD1,COL28A1,HIP1,MAGI2,CACNA2D1,PCLO,KIAA1324L,KRIT1,RP1L1,ZFPM2,RSPO2,SLC30A8,MTSS1,DLC1,TG,NDRG1,TRAPPC9,MSR1,PDGFRL,PSD3,SH2D4A,SLC39A14,FZD3,UNC5D,SFRP1,ANK1,NSMAF,TOX,CHD7,PREX2,SULF1,EYA1,ZFHX4,GABBR2,PTPRD,DMRT2,ABCA1,EPB41L4B,MUSK,ALAD,RGS3,BRINP1,PTGS1,NR5A1,PBX3,ZBTB34,EXOSC2,RAPGEF1,GFI1B,ADAMTSL2,DBH,OLFM1,QSOX2,NFIB,SLC24A2,MLLT3,SMARCA2,MOB3B,LINGO2,BAG1,CHMP5,NFX1,GLIS3,KDM4C,NTRK2,DMRT3,ITPRIP,CELF2,RBM20,TCF7L2,INPP5F,FGFR2,CTBP2,C10orf90,CAMK1D,PTPRE,MGMT,EBF3,TCERG1L,FRMD4A,NMT2,CACNB2,MALRD1,MLLT10,GPR158,ZEB1,PRKG1,NET1,ANK3,PFKFB3,RHOBTB1,CTNNA3,TAF3,ZMIZ1,SH2D4B,NRG3,GRID1,PTEN,SORBS1,ARHGAP42,CASP5,NCAM1,ZBTB16,CADM1,GRIK4,PKNOX2,DCPS,ETS1,KCNJ5,SPON1,NELL1,TRPM5,KCNQ1,FIBIN,LRRC4C,TRIM68,AMBRA1,OR51D1,ATG13,OR5I1,SYT7,BATF2,SYT12,FGF19,ARAP1,FCHSD2,CAPN5,TENM4,DLG2,NOX4,NR1H4,CHST11,SH2B3,ATXN2,BRAP,MED13L,KSR2,TAOK3,SUDS3,ETV6,KDM2B,PITPNM2,SBNO1,NCOR2,TMEM132D,PIWIL1,ERC1,WNT5B,SOX5,CACNA1C,ARNTL2,CCND2,TMEM117,LALBA,ACVR1B,IGFBP6,NTF3,SRGAP1,WIF1,NAV3,SYT1,WNK1,PLXNC1,NALCN,METTL21C,MYO16,COL4A1,COL4A2,ATP8A2,RNF6,FLT1,HMGB1,STARD13,RFXAP,SMAD9,ELF1,DNAJC15,DACH1,KLF12,GPC5,GPC6,ABCC4,MBNL2,FARP1,TDRD9,HOMEZ,DHRS2,AKAP6,NPAS3,EGLN3,TXNDC16,PRKCH,RHOJ,SPTB,RAD51B,RGS6,FOS,ESRRB,NRXN3,SEL1L,FOXN3,SERPINA12,BCL11B,PCSK6,CYFIP1,GABRB3,GABRG3,RYR3,AVEN,SEMA6D,ALDH1A2,RORA,RASL12,ITGA11,ANP32A,TLE3,KLHL25,NTRK3,SLCO3A1,RGMA,ARRDC4,GRIN2A,CLEC16A,C1QTNF8,SHISA9,TSC2,PRKCB,CACNG3,IL21R,GSG1L,FTO,CDH8,RBFOX1,WWOX,MAF,CDH13,WFDC1,SPIRE2,LMF1,GAS7,ABR,SHISA6,RPH3AL,INPP5K,PITPNA,PEMT,KCNJ12,NLK,RAB11FIP4,ZNF207,SPACA3,ASIC2,CCL8,CCL16,HNF1B,KRT20,SPNS2,OSBPL7,NOG,BCAS3,TEX2,CACNG5,PITPNC1,BPTF,MAP2K6,RNF157,SEPT9,TMC8,RBFOX3,CARD14,ALOXE3,SECTM1,PIK3R5,STX8,GLP2R,GNAL,LDLRAD4,MYOM1,DTNA,TGIF1,RIT2,RNF165,ZBTB7C,SMAD7,MAPK4,COLEC12,PMAIP1,L3MBTL4,BCL2,SERPINB5,SERPINB7,LAMA1,CNDP1,TSHZ1,ZNF516,ZNF236,MBP,PTPRM,RAB31,SLC44A2,PRKCSH,APC2,AKAP8,AKAP8L,MEX3D,TCF3,CPAMD8,JAK3,ZNF536,NPHS1,GRIK5,AP2S1,SULT2B1,TRPM4,RFX2,VAV1,OR7G3,RIN2,RALGAPA2,SRC,CTNNBL1,RALGAPB,CDC25B,PLCG1,RBCK1,PTPRT,TOX2,SPINT3,TBC1D20,SULF2,PTGIS,NFATC2,CSNK2A1,CYP24A1,ZBP1,PMEPA1,EDN3,PHACTR3,CDH4,PLCB1,PLCB4,CHODL,GABPA,APP,SYNJ1,KCNE1,RUNX1,SIM2,RIPPLY3,DSCAM,FAM3B,PCNT,CLTCL1,TBX1,GNB1L,RTN4R,LZTR1,SEZ6L,TTC28,APOL3,EIF3D,BAIAP2L2,PLA2G6,PDGFB,PPARA,CELSR1,BRD1"
query_1,True,0.0476331657098261,5708,949,361,0.38040042149631204,0.0632445690259285,GO:0048519,GO:BP,negative regulation of biological process,17916,15058,"c(""GO:0008150"", ""GO:0050789"")","IBA,IDA,IDA,ISS IEA,TAS IEA,IEA,IEA,TAS,IMP IEA,IDA IMP IEA,IEA,IEA,IDA IMP NAS IEA,IBA,IMP,IMP,IDA IMP IGI ISS IBA TAS IEA,IDA ISS IEA,ISS IEA,IMP,IMP,IDA IMP ISS IBA IC IEA,IMP,IEA,IEA,IEA,ISS,IDA,IEA,IBA,IBA,ISS,IDA IMP IGI ISS IC IEA,IEA,IEA,IDA ISS IEA,IDA IBA TAS,IDA IMP IEA,IMP,IDA IMP,IEA,ISS IEA,IMP IEA,TAS,TAS,TAS,IDA TAS IEA,TAS,IEA,IDA NAS,IDA IMP IGI ISS IEA,IMP TAS IC IEA,ISS,ISS IEA,TAS IEA,IDA ISS IEA,IEA,IDA IEA,IMP IBA IEA,IEA,IMP ISS IEA,IDA IEA,IMP IEA,IEA,IMP IEA,IEA,IDA IMP ISS IBA IC IEA,ISS IEA,IMP IEA,IDA IEA,IGI IEA,IDA IEA,IEA,IBA IEA,IMP,IBA IEA,IMP,TAS IEA,IDA IMP ISS IBA IEA,IDA ISS IBA IEA,IMP,IMP IEA,ISS IEA,ISS,IDA ISS,IGI ISS,IDA ISS TAS IC,IDA,IDA IBA IEA,IBA IEA,IDA,IBA,TAS IEA,IDA IMP,TAS,IDA IMP ISS IBA IEA,IMP IBA,IDA IMP,IEA,IEA,IDA,IBA TAS IEA,IMP ISS IEA,IDA,IDA IMP IEA,ISS IEA,IEA,IEA,IDA IMP,IEA,IMP IEA,IDA IMP,IDA,IEA,IMP ISS IEA,IMP ISS IBA IEA,IDA IBA,IEA,IDA IBA,IMP,IMP IBA,IEA,ISS,TAS,IDA IMP,ISS IEA,IEA,IDA IBA IEA,IDA IMP IGI ISS IBA TAS NAS IEA,IMP IBA IEA,IDA IBA IEA,IBA IEA,IDA IEA,IDA IBA IEA,IDA,IEA,IDA IEA,IDA IEA,IMP IEA,IDA ISS IEA,IDA,IEA,IBA TAS,IDA IEA,IBA,IEA,IMP IEA,IEA,IDA TAS IEA,IEA,IDA,IDA IMP ISS IEA,IDA,IDA IMP,IEA,TAS IEA,IEA,IDA IMP ISS IBA NAS IEA,IDA ISS IEA,IDA IEA,IEA,IDA ISS IEA,ISS,IMP,IDA IMP IBA IEA,IEA,ISS,IDA IMP,IEA,ISS IEA,IDA IBA,ISS IEA,IDA IMP IGI IBA NAS IEA,IEA,IDA IMP ISS IBA IEA,IBA IEA,IBA,TAS,IDA,TAS IEA,IDA IBA IEA,IEA,IEA,IBA TAS,IEA,IDA TAS,IMP IEA,ISS,IMP ISS IBA IEA,IBA IEA,IDA IGI,IDA IMP TAS,TAS,IDA IBA TAS IEA,ISS,IEA,ISS IEA,IEA,IDA IMP ISS IEA,IDA ISS IEA,IMP ISS IEA,ISS TAS IEA,IEA,ISS IEA,IDA IEA,IEA,IEA,IDA IMP TAS IEA,IDA IMP IEA,ISS,IDA IEA,IEA,IDA IMP ISS TAS NAS IEA,IEA,IEA,IDA ISS NAS IEA,IDA IBA TAS IEA,TAS IEA,IEA,IDA,IEA,IEA,IDA,IMP,IDA,ISS IEA,IDA ISS IBA IEA,IEA,IMP ISS IEA,IMP,IDA,IDA IMP IEA,IMP ISS IBA,IDA IMP,ISS IEA,IMP IBA TAS,IDA,ISS IEA,TAS,IEA,IBA,ISS TAS,IMP,IDA IEA,TAS,IDA IBA,IBA,NAS,IMP,IDA IMP IBA IEA,IBA,IEA,ISS,IDA,TAS,ISS IEA,IGI,IDA IMP IGI,IMP IGI,IEA,IEA,IDA IMP IEA,IDA IEA,IDA,ISS IBA IEA,IBA,IMP NAS,ISS IC,IMP,IEA,IEA,ISS,IDA IGI,IBA IEA,IEA,IEA,IEA,IBA IEA,IDA,IBA IEA,IDA,IMP ISS IBA IEA,TAS,ISS IBA IEA,IDA IEA,IEA,IEA,IMP IEA,IGI ISS IBA NAS IEA,ISS IEA,IDA,IDA TAS,IEA,IDA,NAS IEA,TAS,IEA,ISS IEA,IEA,IDA ISS IBA IEA,IEA,ISS IEA,IMP IBA,IEA,IDA IEA,IEA,IDA ISS IBA IEA,ISS IEA,IDA,ISS TAS IEA,ISS IEA,IDA,IMP,IDA IMP IEA,IDA IMP TAS IEA,IEA,IDA,IDA ISS TAS IC IEA,IDA IMP IGI IBA TAS IEA,IBA IEA,IBA IEA,IDA,IMP,IEA,IDA IMP IBA IEA,IEA,NAS,IDA,IEA,ISS,IDA IBA IEA,IMP,ISS,IBA,ISS,IMP ISS IBA IEA,IMP IBA,IDA IEA,IDA IMP,IBA IEA,ISS IBA IEA,IDA,IDA IEA,IMP IGI TAS,IDA IMP TAS IEA,IEA,ISS IBA IEA,IBA,IEA,IDA IGI IEA,IDA ISS IBA,ISS TAS,IEA,IBA IEA,ISS IEA,ISS IBA,ISS TAS IEA,IDA IEA,IEA,IDA,IDA ISS IBA IC IEA","CDC14A,CSF1,MTHFR,TNFRSF1B,RGS4,PBX1,LMX1A,PAX7,UCHL5,CDC73,LMOD1,ADORA1,ATP2B4,PLXNA2,PTPN14,USH2A,SKI,AIDA,EPHB2,GNG4,ACTN2,RYR2,FMN2,GREM2,RGS7,SMYD3,GRIK3,AJAP1,DAB1,NFIA,KANK4,PDE4B,PARK7,RERE,LMO4,TGFBR3,E2F6,ACVR1C,ACVR1,DPP4,PPP1R1C,MAP2,ERBB4,RPL37A,IGFBP2,SPEG,COL4A3,PSMD1,COL6A3,LRRFIP1,HDAC4,DNMT3A,THADA,PLEKHH2,PRKCE,NRXN1,ANTXR1,RSAD2,DYSF,HK2,CTNNA2,YWHAQ,IRAK2,ZBTB20,ATG7,KALRN,PPARG,EPHB1,WWTR1,GHSR,NLGN1,TP63,FGF12,THRB,CNTN4,RARB,RBMS3,TGFBR2,TRIM71,ITPR1,FHIT,PTPRG,ADAMTS9,GRM7,ROBO2,ANK2,CAMK2D,NDNF,TNIP3,ARHGAP10,FGA,LDB2,SPOCK3,WWC2,IRF2,SLIT2,ZFYVE28,HTT,KIT,SORCS2,CXCL13,CNOT6L,GRID2,EFNA5,TERT,FBN2,FSTL4,SLC6A3,NR3C1,LPCAT1,FBXW11,UIMC1,ADAMTS12,NNT,ITGA1,PDE4D,ZNF366,IQGAP2,CRHBP,GCNT2,SESN1,PHACTR1,IFNGR1,PLAGL1,ESR1,CNKSR3,DTNBP1,PNLDC1,PARK2,PACRG,ATXN1,PDE10A,RPS6KA2,THBS2,ETV7,IRF4,RUNX2,CDYL,KLHL31,BMP6,MRAP2,BACH2,CUX1,FOXP2,PLXNA4,TRIM24,HIPK2,KEL,PRKAG2,PTPRN2,HDAC9,TWIST1,DFNA5,AQP1,PPP1R17,BMPER,AOAH,SFRP4,GLI3,FOXK1,COL28A1,MAGI2,KIAA1324L,KRIT1,ZFPM2,RSPO2,MTSS1,DLC1,NDRG1,MSR1,SH2D4A,FZD3,SFRP1,CHD7,SULF1,EYA1,ZFHX4,ABCA1,ALAD,RGS3,BRINP1,NR5A1,ZBTB34,EXOSC2,RAPGEF1,GFI1B,ADAMTSL2,OLFM1,NFIB,SLC24A2,MLLT3,SMARCA2,BAG1,NFX1,GLIS3,KDM4C,NTRK2,ITPRIP,TCF7L2,INPP5F,FGFR2,CTBP2,CAMK1D,PTPRE,MGMT,FRMD4A,MALRD1,ZEB1,PRKG1,ANK3,TAF3,NRG3,PTEN,TLL2,ARHGAP42,ZBTB16,DCPS,ETS1,SPON1,NELL1,KCNQ1,AMBRA1,FGF19,ARAP1,DLG2,NOX4,NR1H4,CHST11,SH2B3,ATXN2,BRAP,TAOK3,SUDS3,ETV6,KDM2B,NCOR2,TMEM132D,PIWIL1,ERC1,WNT5B,SOX5,CACNA1C,CCND2,ACVR1B,IGFBP6,NTF3,SRGAP1,WIF1,NAV3,WNK1,PLXNC1,METTL21C,MYO16,COL4A2,ATP8A2,RNF6,FLT1,HMGB1,STARD13,ELF1,DNAJC15,DACH1,KLF12,FARP1,TDRD9,HOMEZ,DHRS2,AKAP6,PRKCH,SPTB,RGS6,ESRRB,FOXN3,SERPINA12,BCL11B,CYFIP1,GABRB3,RYR3,AVEN,SEMA6D,ALDH1A2,RORA,ANP32A,TLE3,NTRK3,RGMA,GRIN2A,CLEC16A,TSC2,PRKCB,FTO,WWOX,MAF,CDH13,WFDC1,GAS7,ABR,SHISA6,RPH3AL,INPP5K,PEMT,NLK,ZNF207,ASIC2,CCL8,HNF1B,NOG,BCAS3,BPTF,MAP2K6,RNF157,TMC8,CARD14,LDLRAD4,TGIF1,RIT2,ZBTB7C,SMAD7,BCL2,SERPINB5,SERPINB7,MBP,PTPRM,PRKCSH,APC2,AKAP8,MEX3D,TCF3,CPAMD8,JAK3,ZNF536,SULT2B1,TRPM4,ISM1,SLC24A3,SRC,PLCG1,RBCK1,PTPRT,SPINT3,SULF2,PTGIS,NFATC2,CSNK2A1,PMEPA1,PHACTR3,PLCB1,PLCB4,GABPA,APP,KCNE1,RUNX1,SIM2,RIPPLY3,DSCAM,TBX1,RTN4R,LZTR1,PLA2G6,PDGFB,PPARA"
query_1,True,0.0480052994482154,38,949,10,0.0105374077976818,0.263157894736842,GO:0086005,GO:BP,ventricular cardiac muscle cell action potential,17916,21305,GO:0086002,"ISS,IMP ISS IEA,IEA,IMP,IMP,IEA,IMP,IMP,IMP,IMP IBA","NOS1AP,RYR2,KCNJ3,ANK2,CTNNA3,KCNJ5,KCNQ1,CACNA1C,TRPM4,KCNE1"
query_1,True,0.0481150393671003,8,949,5,0.00526870389884088,0.625,GO:0060872,GO:BP,semicircular canal development,17916,17888,"c(""GO:0035295"", ""GO:0048839"")","IEA,IEA,IEA,IEA,ISS","GLI3,CHD7,EYA1,ZEB1,TBX1"
query_1,True,0.000651576534888824,77,986,16,0.0162271805273834,0.207792207792208,GO:0048786,GO:CC,presynaptic active zone,18856,2574,"c(""GO:0098793"", ""GO:0110165"")","IEA,IEA,IEA,IEA,IEA,IEA,TAS IEA,ISS,IEA,IEA,IEA,IBA,TAS IEA,IEA,IEA,IEA","NTNG1,ADORA1,ATP2B4,NRXN1,CTNNA2,CACNA1D,ERC2,GRM7,GPM6A,CDH10,EGFLAM,STX11,PCLO,FZD3,CTBP2,APP"
query_1,True,0.0044811676087551395,17,986,7,0.00709939148073022,0.411764705882353,GO:0098688,GO:CC,parallel fiber to Purkinje cell synapse,18856,3646,GO:0060076,"IEA,IEA,IEA,IEA,IEA,IEA,IEA","KCNJ3,CTNNA2,CNTN6,GRID2,CADPS2,PLCB4,SYNJ1"
query_1,True,0.0479821085136411,11,986,5,0.0050709939148073,0.45454545454545503,GO:1990454,GO:CC,L-type voltage-gated calcium channel complex,18856,4281,"c(""GO:0005891"", ""GO:0030315"")","ISS,IDA,IDA IBA,IDA,IDA","NOS1AP,CACNA1D,CACNA2D1,CACNB2,CACNA1C"
query_1,True,0.0004908911660413241,56,971,14,0.0144181256436663,0.25,GO:0003707,GO:MF,steroid hormone receptor activity,18134,433,GO:0038023,"IEA,IEA,IEA,IEA,IEA,IEA,TAS IEA,IDA TAS NAS IEA,IBA,IEA,IEA,IEA,IEA,IDA IEA","RXRG,NR5A2,ESRRG,PPARG,THRB,RARB,NR3C1,ESR1,PAQR8,NR5A1,NR1H4,ESRRB,RORA,PPARA"
query_1,True,0.00636456605540586,87,971,16,0.0164778578784758,0.18390804597701102,GO:0030165,GO:MF,PDZ domain binding,18134,4791,GO:0019904,"IBA IEA,ISS,IBA,IDA,ISS IEA,ISS IEA,IPI,IPI,IPI IEA,ISS,ISS,IEA,IEA,IEA,IEA,IEA","ATP2B4,TGFBR3,ATP2B2,NLGN1,GRID2,SLC9A3,PARK2,FZD3,PTEN,CADM1,ERC1,SHISA9,CACNG3,SHISA6,DTNA,GRIK5"
query_1,True,0.00906139807598925,888,971,77,0.0792996910401648,0.0867117117117117,GO:0000976,GO:MF,transcription regulatory region sequence-specific DNA binding,18134,128,"c(""GO:0001067"", ""GO:1990837"")","IDA IEA,ISS IBA IEA,IBA,ISS IBA IEA,IEA,IEA,IDA,IEA,IDA,IDA,IDA,IDA,IBA IEA,IBA,ISS IBA,IBA,IBA,IMP,IBA,IDA,IDA IBA IEA,IDA,IDA,IDA,IDA,IEA,IBA IEA,ISS IBA,IEA,IDA,IDA,IDA IBA IEA,IDA IBA,IDA IBA IEA,IEA,IBA,IEA,IDA ISS IBA IEA,IEA,IBA,IDA,IDA IBA,IBA,IDA,IEA,ISS IEA,IDA IBA,IEA,IDA,IBA,IDA IBA,IDA IEA,IEA,IDA,IDA IEA,IDA IEA,IDA,IEA,IMP IBA IEA,ISS,IEA,IDA IEA,IBA,IBA IEA,IBA,IDA,ISS IEA,IDA ISS IBA,IDA IEA,ISS IBA IEA,IDA,IBA IEA,IDA IEA,IEA,IDA IMP,IBA,IDA IBA IEA","PBX1,LMX1A,RXRG,NR5A2,ESRRG,SMYD3,NFIA,LMO4,E2F6,LRRFIP1,HDAC4,DNMT3A,FIGLA,ZBTB20,PPARG,THRB,RARB,IRF2,KDM3B,NR3C1,PLAGL1,ESR1,PARK2,ETV7,IRF4,RUNX2,BACH2,CUX1,FOXP2,TRIM24,ETV1,TWIST1,GLI3,FOXK1,CHD7,ZFHX4,DMRT2,NR5A1,PBX3,ZBTB34,NFIB,NFX1,GLIS3,TCF7L2,EBF3,ZEB1,ZBTB16,PKNOX2,ETS1,BATF2,NR1H4,ETV6,KDM2B,SOX5,ARNTL2,ELF1,DACH1,KLF12,FOS,ESRRB,BCL11B,RORA,MAF,HNF1B,BPTF,TGIF1,ZNF516,TCF3,ZNF536,RFX2,TOX2,NFATC2,GABPA,APP,RUNX1,TBX1,PPARA"
query_1,True,0.00942126756808919,889,971,77,0.0792996910401648,0.0866141732283465,GO:0001067,GO:MF,regulatory region nucleic acid binding,18134,182,GO:0003676,"IDA IEA,ISS IBA IEA,IBA,ISS IBA IEA,IEA,IEA,IDA,IEA,IDA,IDA,IDA,IDA,IBA IEA,IBA,ISS IBA,IBA,IBA,IMP,IBA,IDA,IDA IBA IEA,IDA,IDA,IDA,IDA,IEA,IBA IEA,ISS IBA,IEA,IDA,IDA,IDA IBA IEA,IDA IBA,IDA IBA IEA,IEA,IBA,IEA,IDA ISS IBA IEA,IEA,IBA,IDA,IDA IBA,IBA,IDA,IEA,ISS IEA,IDA IBA,IEA,IDA,IBA,IDA IBA,IDA IEA,IEA,IDA,IDA IEA,IDA IEA,IDA,IEA,IMP IBA IEA,ISS,IEA,IDA IEA,IBA,IBA IEA,IBA,IDA,ISS IEA,IDA ISS IBA,IDA IEA,ISS IBA IEA,IDA,IBA IEA,IDA IEA,IEA,IDA IMP,IBA,IDA IBA IEA","PBX1,LMX1A,RXRG,NR5A2,ESRRG,SMYD3,NFIA,LMO4,E2F6,LRRFIP1,HDAC4,DNMT3A,FIGLA,ZBTB20,PPARG,THRB,RARB,IRF2,KDM3B,NR3C1,PLAGL1,ESR1,PARK2,ETV7,IRF4,RUNX2,BACH2,CUX1,FOXP2,TRIM24,ETV1,TWIST1,GLI3,FOXK1,CHD7,ZFHX4,DMRT2,NR5A1,PBX3,ZBTB34,NFIB,NFX1,GLIS3,TCF7L2,EBF3,ZEB1,ZBTB16,PKNOX2,ETS1,BATF2,NR1H4,ETV6,KDM2B,SOX5,ARNTL2,ELF1,DACH1,KLF12,FOS,ESRRB,BCL11B,RORA,MAF,HNF1B,BPTF,TGIF1,ZNF516,TCF3,ZNF536,RFX2,TOX2,NFATC2,GABPA,APP,RUNX1,TBX1,PPARA"
query_1,True,0.0155021190123911,1022,971,85,0.0875386199794027,0.0831702544031311,GO:0003690,GO:MF,double-stranded DNA binding,18134,420,GO:0003677,"IBA,IDA IEA,ISS IBA IEA,IBA,ISS IBA IEA,IEA,IEA,IDA,IEA,IDA,IDA,IDA,IDA,IDA,IBA IEA,IBA,IMP ISS IBA,IEA,IBA,IBA,IMP,IEA,IBA,IDA,IDA IBA IEA,IDA,IDA,IDA,IDA,IEA,IBA IEA,ISS IBA,IEA,IDA,IDA,IDA IBA IEA,IDA IBA,IDA IBA IEA,IEA,IBA,IEA,IDA ISS IBA IEA,IEA,IBA,IDA IEA,IDA IBA,IBA,IDA,IEA,ISS IEA,IDA IBA IEA,IEA,IDA IEA,IBA,IDA IBA,IDA IEA,IEA,IDA,IDA IEA,ISS,IDA IEA,IDA,IEA,IDA IBA,IMP IBA IEA,ISS,IEA,IDA IEA,IBA,IBA IEA,IBA,IDA,ISS IEA,IEA,IDA ISS IBA,IDA IEA,ISS IBA IEA,IDA,IBA IEA,NAS,IDA IEA,IEA,IDA IMP,IBA,IDA IBA IEA","PYHIN1,PBX1,LMX1A,RXRG,NR5A2,ESRRG,SMYD3,NFIA,LMO4,AFF3,E2F6,LRRFIP1,HDAC4,DNMT3A,FIGLA,ZBTB20,PPARG,TP63,THRB,RARB,IRF2,LMNB1,KDM3B,NR3C1,PLAGL1,ESR1,PARK2,ETV7,IRF4,RUNX2,BACH2,CUX1,FOXP2,TRIM24,ETV1,TWIST1,GLI3,FOXK1,CHD7,ZFHX4,DMRT2,NR5A1,PBX3,ZBTB34,NFIB,NFX1,GLIS3,TCF7L2,EBF3,ZEB1,ZBTB16,PKNOX2,ETS1,BATF2,NR1H4,ETV6,KDM2B,SOX5,ARNTL2,HMGB1,ELF1,DACH1,KLF12,RAD51B,FOS,ESRRB,BCL11B,RORA,MAF,HNF1B,BPTF,TGIF1,ZNF516,AKAP8,TCF3,ZNF536,RFX2,TOX2,NFATC2,ZBP1,GABPA,APP,RUNX1,TBX1,PPARA"
query_1,True,0.0181092713300829,832,971,72,0.0741503604531411,0.0865384615384615,GO:0000977,GO:MF,RNA polymerase II transcription regulatory region sequence-specific DNA binding,18134,129,GO:0000976,"IDA IEA,ISS IBA IEA,IBA,ISS IEA,IEA,IEA,IDA,IDA,IDA,IDA,IDA,IBA IEA,IBA,ISS IBA,IBA,IBA,IMP,IDA,IDA IBA IEA,IDA,IDA,IDA,IEA,IBA IEA,ISS IBA,IEA,IDA,IDA,IDA IBA IEA,IDA IBA,IEA,IEA,IBA,IEA,IDA ISS IEA,IEA,IBA,IDA,IDA IBA,IBA,IDA,IEA,ISS IEA,IDA IBA,IEA,IDA,IBA,IDA IBA,IDA IEA,IEA,IDA IEA,IDA IEA,IDA,IEA,IMP IBA IEA,ISS,IEA,IDA IEA,IBA,IBA,IBA,IDA,IDA ISS IBA,IDA IEA,ISS IBA IEA,IDA,IBA IEA,IDA IEA,IEA,IDA IMP,IBA,IDA IBA IEA","PBX1,LMX1A,RXRG,NR5A2,ESRRG,SMYD3,NFIA,E2F6,LRRFIP1,HDAC4,DNMT3A,FIGLA,ZBTB20,PPARG,THRB,RARB,IRF2,NR3C1,PLAGL1,ESR1,ETV7,IRF4,RUNX2,BACH2,CUX1,FOXP2,TRIM24,ETV1,TWIST1,GLI3,FOXK1,CHD7,ZFHX4,DMRT2,NR5A1,PBX3,ZBTB34,NFIB,NFX1,GLIS3,TCF7L2,EBF3,ZEB1,ZBTB16,PKNOX2,ETS1,BATF2,NR1H4,ETV6,KDM2B,ARNTL2,ELF1,DACH1,KLF12,FOS,ESRRB,BCL11B,RORA,MAF,HNF1B,BPTF,TGIF1,TCF3,ZNF536,RFX2,TOX2,NFATC2,GABPA,APP,RUNX1,TBX1,PPARA"
query_1,True,0.0188073615308773,5,971,4,0.00411946446961895,0.8,GO:0086007,GO:MF,voltage-gated calcium channel activity involved in cardiac muscle cell action potential,18134,10243,GO:0005245,"IMP IC IEA,IMP IC,IMP,IMP","CACNA1D,CACNA2D1,CACNB2,CACNA1C"
query_1,True,0.0249876911467109,930,971,78,0.0803295571575695,0.0838709677419355,GO:1990837,GO:MF,sequence-specific double-stranded DNA binding,18134,12154,"c(""GO:0003690"", ""GO:0043565"")","IDA IEA,ISS IBA IEA,IBA,ISS IBA IEA,IEA,IEA,IDA,IEA,IDA,IDA,IDA,IDA,IBA IEA,IBA,ISS IBA,IBA,IBA,IMP,IEA,IBA,IDA,IDA IBA IEA,IDA,IDA,IDA,IDA,IEA,IBA IEA,ISS IBA,IEA,IDA,IDA,IDA IBA IEA,IDA IBA,IDA IBA IEA,IEA,IBA,IEA,IDA ISS IBA IEA,IEA,IBA,IDA,IDA IBA,IBA,IDA,IEA,ISS IEA,IDA IBA,IEA,IDA IEA,IBA,IDA IBA,IDA IEA,IEA,IDA,IDA IEA,IDA IEA,IDA,IEA,IMP IBA IEA,ISS,IEA,IDA IEA,IBA,IBA IEA,IBA,IDA,ISS IEA,IDA ISS IBA,IDA IEA,ISS IBA IEA,IDA,IBA IEA,IDA IEA,IEA,IDA IMP,IBA,IDA IBA IEA","PBX1,LMX1A,RXRG,NR5A2,ESRRG,SMYD3,NFIA,LMO4,E2F6,LRRFIP1,HDAC4,DNMT3A,FIGLA,ZBTB20,PPARG,THRB,RARB,IRF2,LMNB1,KDM3B,NR3C1,PLAGL1,ESR1,PARK2,ETV7,IRF4,RUNX2,BACH2,CUX1,FOXP2,TRIM24,ETV1,TWIST1,GLI3,FOXK1,CHD7,ZFHX4,DMRT2,NR5A1,PBX3,ZBTB34,NFIB,NFX1,GLIS3,TCF7L2,EBF3,ZEB1,ZBTB16,PKNOX2,ETS1,BATF2,NR1H4,ETV6,KDM2B,SOX5,ARNTL2,ELF1,DACH1,KLF12,FOS,ESRRB,BCL11B,RORA,MAF,HNF1B,BPTF,TGIF1,ZNF516,TCF3,ZNF536,RFX2,TOX2,NFATC2,GABPA,APP,RUNX1,TBX1,PPARA"
query_1,True,0.0422353267914917,1021,971,83,0.0854788877445932,0.0812928501469148,GO:0000981,GO:MF,"DNA-binding transcription factor activity, RNA polymerase II-specific",18134,132,GO:0003700,"ISA ISM IEA,ISA ISM IBA IEA,ISA ISM IBA TAS IEA,ISA ISM IEA,ISA ISM IBA TAS IEA,ISA ISM IEA,ISM,IDA ISA ISM IBA,ISM,IDA ISA ISM IBA,IDA,ISA ISM IBA IEA,IBA IEA,IDA ISA ISM IBA IEA,ISA ISM IEA,IDA ISA ISM IBA TAS IEA,ISA ISM IBA TAS IEA,IMP ISA ISM IBA,IDA ISA ISM,IDA IBA,IDA IGI ISA ISM IEA,IDA,IDA ISA ISM IBA,IDA ISA ISM IBA,ISA ISM IBA IEA,IBA IEA,ISA ISM IEA,ISA,ISA ISM IEA,IDA ISA ISM IBA,IDA ISA ISM IBA,ISA ISM,IBA,IDA ISA ISM IEA,NAS,ISA,ISA ISM,ISA ISM IEA,IDA ISA ISM IBA TAS,ISA ISM IEA,ISA IBA,IDA ISA ISM IBA IEA,ISM,IDA ISA ISM IBA,IBA,ISA ISM,ISM,ISA ISM IBA IEA,IDA ISA ISM IEA,IDA IBA,ISM,IDA ISA ISM IBA,ISA ISM IBA,IDA ISS ISA ISM IBA TAS IEA,IDA ISA ISM IBA IEA,ISA ISM,IDA ISA ISM,ISA ISM,IDA ISA ISM IBA IEA,IDA IEA,ISA IBA IEA,ISA ISM,ISA ISM IBA,ISA ISM IBA IEA,ISS ISA ISM TAS,ISA ISM,IEA,ISA ISM IEA,ISA ISM IEA,ISA IEA,IDA IMP ISA ISM,ISA,ISA ISM,IDA ISA ISM,IDA,ISA ISM IEA,IDA ISM,ISA ISM IEA,IDA ISA ISM IBA,IDA IMP ISA ISM IBA,ISA IBA,ISA ISM IBA,IDA ISA ISM IBA IEA","PBX1,LMX1A,RXRG,PAX7,NR5A2,ESRRG,SKI,NFIA,RERE,E2F6,LRRFIP1,FIGLA,ZBTB20,PPARG,TP63,THRB,RARB,IRF2,NR3C1,PLAGL1,ESR1,PARK2,ETV7,IRF4,RUNX2,ZNF292,BACH2,CUX1,FOXP2,ETV1,TWIST1,CREB5,GLI3,FOXK1,GTF2IRD1,ZFPM2,ZFHX4,DMRT2,NR5A1,PBX3,ZBTB34,NFIB,MLLT3,NFX1,GLIS3,DMRT3,TCF7L2,EBF3,ZEB1,ZBTB16,PKNOX2,ETS1,BATF2,NR1H4,ETV6,SOX5,ARNTL2,SMAD9,ELF1,DACH1,KLF12,HOMEZ,NPAS3,FOS,ESRRB,FOXN3,BCL11B,RORA,MAF,HNF1B,TGIF1,SMAD7,TSHZ1,TCF3,ZNF536,RFX2,TOX2,NFATC2,GABPA,RUNX1,SIM2,TBX1,PPARA"
query_1,True,0.0207274616408349,9,329,6,0.0182370820668693,0.666666666666667,HP:0010955,HP,Dilatation of the bladder,4232,7417,HP:0025487,"HP,HP,HP,HP,HP,HP","LMOD1,ACTG2,MYLK,TP63,LMNB1,MYH11"
query_1,True,0.0439173883608206,169,329,29,0.08814589665653501,0.171597633136095,HP:0000160,HP,Narrow mouth,4232,140,HP:0011337,"HP,HP,HP,HP,HP,HP,HP,HP,HP,HP,HP,HP,HP,HP,HP,HP,HP,HP,HP,HP,HP,HP,HP,HP,HP,HP,HP,HP,HP","LAMB3,SKI,NFIA,RERE,SPEG,ZBTB20,TP63,PHACTR1,HIVEP2,TWIST1,AUTS2,RSPO2,CHD7,MUSK,FGFR2,PTEN,ZBTB16,DCPS,CCND2,NALCN,BCL11B,MAF,BPTF,SEPT9,PIEZO2,RTTN,TBC1D20,PLCB4,TBX1"
query_1,True,0.00103587130083046,135,451,22,0.0487804878048781,0.162962962962963,KEGG:04270,KEGG,Vascular smooth muscle contraction,7747,275,KEGG:00000,"KEGG,KEGG,KEGG,KEGG,KEGG,KEGG,KEGG,KEGG,KEGG,KEGG,KEGG,KEGG,KEGG,KEGG,KEGG,KEGG,KEGG,KEGG,KEGG,KEGG,KEGG,KEGG","ARHGEF11,RAMP1,PRKCE,ACTG2,MYLK,ITPR1,CACNA1D,ADRA1B,ADCY2,CALD1,GNA12,RAMP3,PRKG1,CACNA1C,PRKCH,MYH11,PRKCB,MYH14,EDN3,PLCB1,PLCB4,PLA2G6"
query_1,True,0.013133233700326001,106,451,17,0.0376940133037694,0.160377358490566,KEGG:04928,KEGG,"Parathyroid hormone synthesis, secretion and action",7747,360,KEGG:00000,"KEGG,KEGG,KEGG,KEGG,KEGG,KEGG,KEGG,KEGG,KEGG,KEGG,KEGG,KEGG,KEGG,KEGG,KEGG,KEGG,KEGG","ARHGEF11,RXRG,PDE4B,PLD1,ITPR1,SLC34A2,PDE4D,ADCY2,RUNX2,CREB5,GNA12,FOS,PRKCB,BCL2,CYP24A1,PLCB1,PLCB4"
query_1,True,0.0213163217643619,100,451,16,0.0354767184035477,0.16,KEGG:04750,KEGG,Inflammatory mediator regulation of TRP channels,7747,340,KEGG:00000,"KEGG,KEGG,KEGG,KEGG,KEGG,KEGG,KEGG,KEGG,KEGG,KEGG,KEGG,KEGG,KEGG,KEGG,KEGG,KEGG","TRPM8,PRKCE,IL1RAP,ITPR1,CAMK2D,CAMK2A,ADCY2,PRKCH,PRKCB,ASIC2,MAP2K6,SRC,PLCG1,PLCB1,PLCB4,PLA2G6"
query_1,True,0.00128643712675954,391,877,48,0.0547320410490308,0.12276214833759598,MIRNA:hsa-miR-204-5p,MIRNA,hsa-miR-204-5p,14714,383,MIRNA:000000,"MIRNA,MIRNA,MIRNA,MIRNA,MIRNA,MIRNA,MIRNA,MIRNA,MIRNA,MIRNA,MIRNA,MIRNA,MIRNA,MIRNA,MIRNA,MIRNA,MIRNA,MIRNA,MIRNA,MIRNA,MIRNA,MIRNA,MIRNA,MIRNA,MIRNA,MIRNA,MIRNA,MIRNA,MIRNA,MIRNA,MIRNA,MIRNA,MIRNA,MIRNA,MIRNA,MIRNA,MIRNA,MIRNA,MIRNA,MIRNA,MIRNA,MIRNA,MIRNA,MIRNA,MIRNA,MIRNA,MIRNA,MIRNA","ALPL,ENAH,CACHD1,GTDC1,IGFBP2,ZBTB20,LSAMP,IL1RAP,THRB,TGFBR2,ITPR1,MARCH1,WWC2,SORCS2,FSTL4,NR3C1,GALNT10,ATXN1,BRD2,GLP1R,RUNX2,BACH2,CREB5,KIAA1324L,ST3GAL1,SH2D4A,XKR4,NTRK2,TCF7L2,PI4K2A,SH2B3,CACNA1C,ARNTL2,SRGAP1,TMTC2,FARP1,ALDH1A2,ABCC12,CDH8,RAB11FIP4,BPTF,SLC39A11,BCL2,PLCG1,PTPRT,CDH4,TMPRSS3,SEZ6L"
query_1,True,0.0057979242058804606,648,877,67,0.0763968072976055,0.103395061728395,MIRNA:hsa-miR-5011-5p,MIRNA,hsa-miR-5011-5p,14714,1523,MIRNA:000000,"MIRNA,MIRNA,MIRNA,MIRNA,MIRNA,MIRNA,MIRNA,MIRNA,MIRNA,MIRNA,MIRNA,MIRNA,MIRNA,MIRNA,MIRNA,MIRNA,MIRNA,MIRNA,MIRNA,MIRNA,MIRNA,MIRNA,MIRNA,MIRNA,MIRNA,MIRNA,MIRNA,MIRNA,MIRNA,MIRNA,MIRNA,MIRNA,MIRNA,MIRNA,MIRNA,MIRNA,MIRNA,MIRNA,MIRNA,MIRNA,MIRNA,MIRNA,MIRNA,MIRNA,MIRNA,MIRNA,MIRNA,MIRNA,MIRNA,MIRNA,MIRNA,MIRNA,MIRNA,MIRNA,MIRNA,MIRNA,MIRNA,MIRNA,MIRNA,MIRNA,MIRNA,MIRNA,MIRNA,MIRNA,MIRNA,MIRNA,MIRNA","KCNN3,ARHGEF11,PYHIN1,ATP2B4,PLEKHA6,CHRM3,GRIK3,NFIA,CNTNAP5,KCNJ3,GULP1,WDR12,RAPH1,SGPP2,DGKG,GMNC,SNRK,ADAMTS9,PCDH10,BLOC1S4,CNOT6L,GRID2,LMNB1,ITGA1,PDE10A,BACH2,THSD7A,TMEM178B,XKR6,SAMD12,SLC45A4,CSMD1,PTPRD,PAPPA,NFIB,SLC24A2,MLLT3,ITPRIP,PLXDC2,MLLT10,C10orf67,GRID1,ZBTB16,CADM1,GRAMD1B,OPCML,CAPN5,ETV6,ERC1,SOX5,NELL2,MGAT4C,RNF6,SMAD9,MBNL2,RORA,NTRK3,NLK,PITPNC1,GREB1L,TGIF1,PMAIP1,ZNF516,AKAP8,PMEPA1,APP,APOL6"
query_1,True,0.0230316589877994,213,877,29,0.0330672748004561,0.136150234741784,MIRNA:hsa-miR-200c-3p,MIRNA,hsa-miR-200c-3p,14714,374,MIRNA:000000,"MIRNA,MIRNA,MIRNA,MIRNA,MIRNA,MIRNA,MIRNA,MIRNA,MIRNA,MIRNA,MIRNA,MIRNA,MIRNA,MIRNA,MIRNA,MIRNA,MIRNA,MIRNA,MIRNA,MIRNA,MIRNA,MIRNA,MIRNA,MIRNA,MIRNA,MIRNA,MIRNA,MIRNA,MIRNA","LRP1B,DNMT3A,MYLK,LMNB1,SESN1,GLI3,ZFPM2,DLC1,PSD3,ZFHX4,PTPRD,NTRK2,TCF7L2,ADAM12,MLLT10,ZEB1,PTEN,NCAM1,ETS1,NTF3,PPM1H,FLT1,TXNDC16,HNF1B,NOG,PMAIP1,BCL2,RIN2,PLCG1"
query_1,True,0.0321331282502697,239,877,31,0.0353477765108324,0.129707112970711,MIRNA:hsa-miR-3924,MIRNA,hsa-miR-3924,14714,880,MIRNA:000000,"MIRNA,MIRNA,MIRNA,MIRNA,MIRNA,MIRNA,MIRNA,MIRNA,MIRNA,MIRNA,MIRNA,MIRNA,MIRNA,MIRNA,MIRNA,MIRNA,MIRNA,MIRNA,MIRNA,MIRNA,MIRNA,MIRNA,MIRNA,MIRNA,MIRNA,MIRNA,MIRNA,MIRNA,MIRNA,MIRNA,MIRNA","KCNC4,ARHGEF11,NFIA,KCNJ3,ADAMTS9,PCDH10,GRID2,ANKH,ITGA1,LHFPL2,SESN1,MKLN1,TMEM178B,XKR6,CSMD1,PTPRD,ZBTB34,NFIB,SLC24A2,MLLT3,PLXDC2,OPCML,TMEM132B,SOX5,NELL2,MGAT4C,ABCC4,MBNL2,RORA,PMAIP1,APP"
query_1,True,0.0035511795851840703,41,576,11,0.0190972222222222,0.26829268292682895,REAC:R-HSA-383280,REAC,Nuclear Receptor transcription pathway,10588,1446,REAC:R-HSA-212436,"REAC,REAC,REAC,REAC,REAC,REAC,REAC,REAC,REAC,REAC,REAC","RXRG,ESRRG,PPARG,THRB,RARB,ESR1,NR5A1,NCOR2,ESRRB,RORA,PPARA"
query_1,True,0.00499359742196751,35,576,10,0.0173611111111111,0.28571428571428603,REAC:R-HSA-5083635,REAC,Defective B3GALTL causes Peters-plus syndrome (PpS),10588,451,REAC:R-HSA-3906995,"REAC,REAC,REAC,REAC,REAC,REAC,REAC,REAC,REAC,REAC","ADAMTS9,ADAMTS2,ADAMTS12,THBS2,THSD7A,ADAMTSL2,ADAMTSL1,SPON1,ADAMTS17,THSD4"
query_1,True,0.0110366808466229,24,576,8,0.0138888888888889,0.33333333333333304,REAC:R-HSA-4090294,REAC,SUMOylation of intracellular receptors,10588,1914,REAC:R-HSA-3108232,"REAC,REAC,REAC,REAC,REAC,REAC,REAC,REAC","HDAC4,PPARG,THRB,NR3C1,ESR1,NR5A1,RORA,PPARA"
query_1,True,0.030348363427392003,108,576,17,0.0295138888888889,0.15740740740740697,REAC:R-HSA-5173105,REAC,O-linked glycosylation,10588,1457,REAC:R-HSA-597592,"REAC,REAC,REAC,REAC,REAC,REAC,REAC,REAC,REAC,REAC,REAC,REAC,REAC,REAC,REAC,REAC,REAC","GALNT13,GALNT14,ADAMTS9,GALNT10,ADAMTS2,ADAMTS12,THBS2,THSD7A,ST3GAL1,ADAMTSL2,ADAMTSL1,ST3GAL4,SPON1,GALNT16,ADAMTS17,THSD4,LARGE"
query_1,True,0.000584228655454741,38,461,12,0.0260303687635575,0.315789473684211,WP:WP170,WP,Nuclear Receptors,6954,358,WP:000000,"WP,WP,WP,WP,WP,WP,WP,WP,WP,WP,WP,WP","RXRG,NR5A2,ROR1,PPARG,THRB,RARB,NR3C1,ESR1,NR5A1,ESRRB,RORA,PPARA"
